basename,SourceImageID,Left_Hippo,Right_Hippo,1,2,4,5,6,101,102,104,105,106
ADNI_094_S_1241_MR_MPR__GradWarp__B1_Correction__N3__Scaled_Br_20070807102309850_S27008_I65414,65414,2169.2974,2247.3462,673.956,398.923,277.511,76.8112,820.145,582.278,454.673,252.734,29.7334,849.879
ADNI_037_S_0501_MR_MPR__GradWarp__B1_Correction__N3__Scaled_Br_20070911102616170_S35029_I72405,72405,1724.9665,1863.8821,630.555,247.632,264.543,56.7741,664.378,510.967,236.76,250.048,44.6945,682.497
ADNI_031_S_1066_MR_MPR__GradWarp__B1_Correction__N3__Scaled_Br_20080220103435137_S23507_I90916,90916,1552.5112,1623.3053,480.657,267.032,214.868,38.5023,622.246,381.297,270.758,272,26.0822,602.374
ADNI_031_S_0830_MR_MPR__GradWarp__B1_Correction__N3__Scaled_Br_20080225100608090_S39458_I92444,92444,1830.7222,1862.1192,565.157,256.011,254.804,50.7192,735.428,478.21,281.371,256.011,32.6052,782.525
ADNI_027_S_0403_MR_MPR-R__GradWarp__B1_Correction__N3__Scaled_Br_20061222192740789_S14179_I34190,34190,2280.2457,2210.4543,699.115,297.214,296.011,54.1483,863.966,631.73,371.818,308.044,43.3187,925.335
ADNI_023_S_0061_MR_MPR__GradWarp__B1_Correction__N3__Scaled_2_Br_20081001152459303_S10633_I118854,118854,1890.1447,2018.9626,610.384,329.872,287.735,61.3996,729.572,568.247,344.319,255.23,45.7487,676.6
ADNI_018_S_0450_MR_MPR____N3__Scaled_Br_20070821150208558_S23722_I69469,69469,1647.6821,1835.6382,562.653,252.644,285.598,63.4662,671.277,475.997,294.142,209.927,26.8511,640.765
ADNI_023_S_0926_MR_MPR-R__GradWarp__B1_Correction__N3__Scaled_Br_20090312161219095_S20160_I138627,138627,2081.2532,1970.5089,595.847,314.174,306.952,72.2239,681.312,587.421,368.342,316.582,21.6672,787.241
ADNI_023_S_0604_MR_MPR-R__GradWarp__B1_Correction__N3__Scaled_Br_20061203124804456_S15677_I31468,31468,2228.0781,2094.177,716.556,260.566,290.724,37.396,788.935,680.366,358.278,288.311,22.9201,878.203
ADNI_016_S_1117_MR_MPR__GradWarp__B1_Correction__N3__Scaled_Br_20080220095943547_S44329_I90866,90866,1808.6133,1655.1999,499.796,216.938,264.88,69.5159,604.07,498.597,273.27,281.659,65.9203,689.167
ADNI_012_S_1009_MR_MPR____N3__Scaled_Br_20080224151000732_S43089_I92316,92316,1862.5607,1842.9556,529.359,268.356,284.286,88.2266,672.728,579.6,306.342,275.708,35.5357,665.375
ADNI_005_S_0602_MR_MPR__GradWarp__B1_Correction__N3__Scaled_Br_20070815093701635_S25967_I67677,67677,2369.9038,2297.7808,688.322,341.63,363.141,79.7138,824.974,690.853,390.977,375.794,67.0608,845.219
ADNI_012_S_0689_MR_MPR____N3__Scaled_Br_20070923132626782_S36506_I74659,74659,1617.4237,1593.0643,467.689,252.113,244.806,54.8073,573.649,484.74,281.344,227.755,26.7947,596.79
ADNI_136_S_0300_MR_MPR____N3__Scaled_Br_20070809225810386_S22443_I66754,66754,1979.3853,2078.8391,648.879,282.596,325.046,76.4101,745.908,528.806,345.665,344.452,40.0243,720.438
ADNI_136_S_0196_MR_MPR____N3__Scaled_2_Br_20081008133847111_S13831_I119725,119725,1776.1784,1932.0479,615.017,270.656,291.197,84.5799,670.598,567.894,312.946,252.531,39.8734,602.934
ADNI_130_S_0969_MR_MPR____N3__Scaled_Br_20080224154049674_S42414_I92363,92363,1849.6853,1796.0017,540.509,290.386,255.003,74.4267,635.677,524.647,280.625,305.027,69.5463,669.84
ADNI_130_S_0505_MR_MPR____N3__Scaled_Br_20070210222802960_S20396_I39197,39197,1748.8686,1773.2434,541.113,242.526,221.808,51.1864,716.61,494.802,269.338,233.995,19.4996,731.234
ADNI_130_S_1337_MR_MPR____N3__Scaled_Br_20080410111945305_S46831_I101972,101972,1613.7108,1473.3345,477.277,300.282,192.864,23.1925,479.719,522.442,323.474,183.099,29.2958,555.4
ADNI_116_S_1249_MR_MPR__GradWarp__B1_Correction__N3__Scaled_Br_20080223173636549_S45487_I91921,91921,1901.6766,1826.9124,547.471,279.765,279.765,67.5294,652.382,533,290.618,318.353,65.1176,694.588
ADNI_094_S_1293_MR_MPR__GradWarp__B1_Correction__N3__Scaled_Br_20080409163519259_S47196_I101765,101765,1872.0381,1919.9139,563.453,266.382,298.299,82.2469,709.533,551.177,273.747,251.651,39.2821,756.181
ADNI_052_S_1250_MR_MPR__GradWarp__B1_Correction__N3__Scaled_Br_20080229180037939_S45105_I94579,94579,1963.8478,2070.7837,636.584,305.711,286.84,65.4197,776.229,515.809,332.131,327.098,50.3228,738.487
ADNI_116_S_0392_MR_MPR__GradWarp__B1_Correction__N3__Scaled_Br_20080206163405584_S23631_I89653,89653,1646.9681,1690.3427,531.319,210.841,269.877,51.8067,626.499,469.874,227.708,263.852,18.0721,667.462
ADNI_130_S_0423_MR_MPR____N3__Scaled_Br_20080124122356109_S26349_I88318,88318,1818.4393,1587.7794,506.478,283.14,231.882,35.3924,530.887,589.467,280.699,261.172,29.2903,657.811
ADNI_094_S_1293_MR_MPR__GradWarp__B1_Correction__N3__Scaled_Br_20080117114821860_S28405_I87748,87748,1969.4855,1942.2001,577.947,270.37,297.655,75.6541,720.574,558.104,313.778,265.409,34.7265,797.468
ADNI_116_S_0487_MR_MPR__GradWarp__B1_Correction__N3__Scaled_Br_20080225094838615_S33717_I92420,92420,1808.5638,1790.479,542.569,259.228,300.222,66.314,622.146,500.369,268.873,340.01,21.7028,677.609
ADNI_032_S_1101_MR_MPR__GradWarp__B1_Correction__N3__Scaled_Br_20090313094651156_S32608_I138797,138797,1653.2444,1692.8362,524.287,250.746,253.146,45.5902,619.067,487.095,271.142,236.349,21.5954,637.063
ADNI_023_S_1262_MR_MPR__GradWarp__B1_Correction__N3__Scaled_Br_20071006120037219_S38823_I77044,77044,1730.0332,1806.3589,563.351,256.84,237.456,64.2099,684.502,516.102,298.031,221.706,29.0762,665.118
ADNI_023_S_0078_MR_MPR__GradWarp__B1_Correction__N3__Scaled_Br_20070427184351075_S10841_I51981,51981,2141.8318,2116.4614,676.495,343.079,289.926,65.2334,741.728,670.455,402.273,259.726,36.2408,773.137
ADNI_023_S_0376_MR_MPR-R__GradWarp__B1_Correction__N3__Scaled_Br_20070427200404196_S20446_I52093,52093,2063.8453,2036.069,620.723,301.908,323.646,95.403,694.389,617.1,350.214,280.171,48.3053,768.055
ADNI_023_S_0963_MR_MPR__GradWarp__B1_Correction__N3__Scaled_2_Br_20081001155109807_S29352_I118906,118906,2544.9212,2388.352,672.063,355.302,334.827,90.331,935.829,753.963,428.771,315.556,38.5412,1008.09
ADNI_027_S_1082_MR_MPR__GradWarp__B1_Correction__N3__Scaled_Br_20070327155420107_S23987_I47186,47186,1899.3887,1937.9058,612.667,263.603,263.603,62.5908,735.442,554.891,293.695,263.603,26.4807,760.719
ADNI_100_S_0015_MR_MPR-R____N3__Scaled_Br_20070731183715194_S20311_I63475,63475,2001.4157,2111.6537,666.322,304.989,311.114,71.0417,758.187,548.736,279.267,350.309,45.3197,777.784
ADNI_016_S_0769_MR_MPR__GradWarp__B1_Correction__N3__Scaled_Br_20071229173837136_S28899_I86309,86309,2004.2695,2265.5911,660.498,371.605,302.079,56.3401,875.069,616.145,372.804,267.316,37.1605,710.844
ADNI_005_S_0602_MR_MPR__GradWarp__B1_Correction__N3__Scaled_Br_20070921134517179_S37070_I74203,74203,2290.4769,2325.8705,695.233,342.56,377.954,74.5795,835.544,657.311,396.915,358.993,61.9389,815.319
ADNI_018_S_0450_MR_MPR____N3__Scaled_Br_20071002180752596_S33479_I76601,76601,1641.5308,1780.7466,539.914,253.009,268.746,71.4236,647.654,483.017,290.536,208.218,31.4748,628.285
ADNI_002_S_0954_MR_MPR____N3__Scaled_Br_20070812134522192_S31739_I67147,67147,1373.0048,1492.0236,460.122,226.994,220.859,62.5766,521.472,375.46,241.717,213.497,36.8098,505.521
ADNI_136_S_1227_MR_MPR____N3__Scaled_Br_20070810000731580_S26837_I66824,66824,1994.5141,1972.5438,583.463,299.055,307.6,80.5618,701.864,545.623,335.674,308.82,69.5761,734.821
ADNI_126_S_0606_MR_MPR__GradWarp__B1_Correction__N3__Scaled_Br_20070912183441138_S36584_I72873,72873,1494.1113,1521.5486,473.925,204.536,256.917,69.8416,516.329,442.746,220.749,230.727,46.1453,553.744
ADNI_051_S_1123_MR_MPR__GradWarp__B1_Correction__N3__Scaled_Br_20070628171146730_S25973_I58054,58054,1629.6174,1762.6229,535.617,250.434,226.469,62.3089,687.794,405.008,258.821,298.364,31.1544,636.27
ADNI_051_S_1331_MR_MPR__GradWarp__B1_Correction__N3__Scaled_Br_20081014085902488_S53103_I120544,120544,2109.6787,2276.2957,676.056,328.439,339.227,57.5367,875.037,565.777,362.002,322.445,27.5697,831.885
ADNI_027_S_1385_MR_MPR__GradWarp__B1_Correction__N3__Scaled_Br_20080408152926155_S47505_I101541,101541,1299.4668,1219.9793,375.749,205.939,172.218,45.7643,420.309,356.48,260.134,173.423,32.5168,476.913
ADNI_031_S_0830_MR_MPR__GradWarp__B1_Correction__N3__Scaled_Br_20080220102749680_S29499_I90907,90907,1817.3964,1893.5255,548.603,279.135,267.051,33.8345,764.902,496.642,303.302,236.842,20.5424,760.068
ADNI_023_S_0916_MR_MPR__GradWarp__B1_Correction__N3__Scaled_2_Br_20081001154332202_S19523_I118880,118880,1919.8229,2081.1124,649.971,291.284,306.931,71.0154,761.911,580.16,285.265,285.265,31.2949,737.838
ADNI_023_S_1126_MR_MPR-R__GradWarp__B1_Correction__N3__Scaled_Br_20070828111153037_S23968_I70687,70687,1727.5773,1804.8942,521.897,233.162,280.278,27.7862,741.771,462.701,248.868,245.243,28.9943,741.771
ADNI_100_S_0190_MR_MPR____N3__Scaled_Br_20071118115111622_S32134_I82556,82556,1723.5554,1579.9266,495.952,213.603,243.066,78.5666,548.739,531.552,254.114,306.901,11.0484,619.94
ADNI_023_S_0625_MR_MPR__GradWarp__B1_Correction__N3__Scaled_2_Br_20081002114733225_S16766_I119032,119032,2462.8856,2677.0439,853.046,338.09,394.639,56.5489,1034.72,720.698,391.03,359.747,39.7046,951.706
ADNI_023_S_0388_MR_MPR-R__GradWarp__B1_Correction__N3__Scaled_Br_20071113174827285_S22184_I81905,81905,2242.4889,2721.8965,812.706,374.352,387.635,83.3235,1063.88,696.778,380.39,286.198,26.5669,852.556
ADNI_023_S_0058_MR_MPR__GradWarp__B1_Correction__N3__Scaled_2_Br_20081001152327374_S24251_I118852,118852,2290.1601,2187.813,633.346,357.612,301.02,75.857,819.978,661.04,406.979,302.224,46.9591,872.958
ADNI_012_S_1009_MR_MPR____N3__Scaled_Br_20070904181516206_S32890_I71351,71351,1884.8609,1799.0736,500.015,279.42,287.999,71.0806,660.559,557.615,313.735,286.773,41.6679,685.07
ADNI_116_S_0752_MR_MPR__GradWarp__B1_Correction__N3__Scaled_Br_20070731190648323_S18680_I63517,63517,1686.8123,1696.4571,531.725,191.711,289.374,34.9661,648.681,513.64,268.877,250.791,12.0573,641.447
ADNI_100_S_0015_MR_MPR-R____N3__Scaled_Br_20061213152852376_S8833_I33046,33046,2070.1363,2066.4839,653.92,286.166,321.48,58.4509,746.467,580.856,323.915,347.052,52.3623,765.951
ADNI_094_S_1267_MR_MPR__GradWarp__B1_Correction__N3__Scaled_Br_20070927081738180_S28796_I75503,75503,2272.0371,2186.6041,651.276,324.4,287.255,89.1481,834.525,642.609,341.734,326.876,66.8611,893.957
ADNI_136_S_0194_MR_MPR____N3__Scaled_Br_20090313140407045_S29210_I138885,138885,1483.5026,1659.1802,534.354,215.937,264.737,64.6592,579.493,445.295,257.417,233.017,34.1596,513.614
ADNI_082_S_1256_MR_MPR__GradWarp__B1_Correction__N3__Scaled_Br_20071101191101744_S41111_I80370,80370,1796.1557,1828.9908,544.806,274.835,250.513,69.3168,689.52,452.383,284.564,310.101,53.5077,695.6
ADNI_051_S_1131_MR_MPR__GradWarp__B1_Correction__N3__Scaled_Br_20070805152335702_S25285_I64929,64929,2488.1174,2309.6257,763.087,315.058,354.59,83.8557,793.035,795.431,420.476,365.371,11.9794,894.86
ADNI_032_S_1169_MR_MPR__GradWarp__B1_Correction__N3__Scaled_Br_20080229162032629_S44666_I94476,94476,1816.3119,1722.6754,527.007,223.288,250.898,64.8254,656.657,565.422,273.707,244.896,43.2169,689.07
ADNI_027_S_1081_MR_MPR__GradWarp__B1_Correction__N3__Scaled_Br_20070327153912557_S26054_I47177,47177,1861.0107,1991.0162,640.399,255.197,299.736,68.6142,727.07,553.729,263.623,305.755,31.2977,706.606
ADNI_053_S_0507_MR_MPR____N3__Scaled_2_Br_20081003141028418_S23807_I119148,119148,1920.491,1794.3979,526.195,255.823,294.621,72.7459,645.013,534.682,280.072,321.294,53.347,731.096
ADNI_016_S_1121_MR_MPR__GradWarp__B1_Correction__N3__Scaled_Br_20071115085539322_S36309_I82143,82143,2205.4539,2050.9997,662.115,263.409,301.723,82.6147,741.138,613.025,292.145,360.392,94.5879,845.304
ADNI_016_S_1326_MR_MPR__GradWarp__B1_Correction__N3__Scaled_Br_20071027142627817_S40985_I78841,78841,2198.0606,2305.7501,708.357,297.941,358.965,76.5791,863.908,640.154,379.306,318.282,38.2896,822.029
ADNI_136_S_0426_MR_MPR____N3__Scaled_Br_20070809231557112_S22726_I66773,66773,2429.0454,2812.256,905.889,354.109,459.615,32.743,1059.9,722.771,408.681,373.513,23.0414,901.039
ADNI_136_S_1227_MR_MPR____N3__Scaled_Br_20071028124929880_S39091_I79080,79080,1959.3577,1967.9016,600.625,307.637,302.754,75.6886,681.197,546.911,338.157,295.43,69.5847,709.275
ADNI_136_S_0195_MR_MPR____N3__Scaled_Br_20070215185520914_S12748_I40254,40254,1889.4562,2166.93,621.01,309.905,384.378,39.639,811.998,528.519,325.52,301.496,14.4142,719.507
ADNI_116_S_1249_MR_MPR__GradWarp__B1_Correction__N3__Scaled_Br_20071103133915626_S38250_I80700,80700,1945.2344,1823.4316,543.894,270.138,279.786,61.5046,668.109,536.658,312.347,324.407,73.5644,698.258
ADNI_126_S_0606_MR_MPR__GradWarp__B1_Correction__N3__Scaled_Br_20070209190556936_S17816_I38887,38887,1540.3847,1527.9117,477.706,212.037,231.993,71.0947,535.081,450.266,231.993,239.477,48.6437,570.005
ADNI_130_S_0956_MR_MPR____N3__Scaled_Br_20070210223200198_S22511_I39200,39200,1932.9024,2069.3134,593.146,313.016,293.528,77.9494,791.674,511.543,339.811,275.259,47.5004,758.789
ADNI_136_S_0086_MR_MPR-R____N3__Scaled_Br_20080224153208327_S21509_I92351,92351,1895.5487,1911.3158,591.829,292.276,271.659,47.2978,708.254,556.658,334.723,271.659,16.9787,715.53
ADNI_023_S_1247_MR_MPR__GradWarp__B1_Correction__N3__Scaled_2_Br_20081001160319643_S26861_I118922,118922,1778.4668,1764.0559,536.782,249.778,261.786,67.2479,648.462,554.795,303.816,260.586,34.8248,624.445
ADNI_023_S_0855_MR_MPR__GradWarp__B1_Correction__N3__Scaled_2_Br_20081002103938588_S28183_I119000,119000,1748.4749,1886.4806,596.426,296.413,244.81,61.2026,687.629,476.42,324.014,259.211,20.4009,668.429
ADNI_027_S_1387_MR_MPR__GradWarp__B1_Correction__N3__Scaled_Br_20080116090054426_S41966_I87565,87565,2008.75289,1981.1035,611.882,246.436,307.744,24.0425,790.999,604.67,306.542,307.744,8.41489,781.382
ADNI_031_S_0830_MR_MPR-R__GradWarp__B1_Correction__N3__Scaled_Br_20090313093246631_S19249_I138792,138792,1727.7157,1796.3425,538.18,239.593,235.981,38.5275,744.061,410.558,305.812,232.369,24.0797,754.897
ADNI_032_S_1169_MR_MPR-R__GradWarp__B1_Correction__N3__Scaled_Br_20070925101616025_S38359_I75042,75042,1820.8584,1728.3126,551.666,224.753,240.377,67.3056,644.211,562.483,282.443,247.589,38.4604,689.883
ADNI_032_S_1169_MR_MPR-R__GradWarp__B1_Correction__N3__Scaled_Br_20080220112005945_S25563_I90989,90989,1811.0213,1750.9741,566.845,229.38,242.59,61.2481,650.911,564.443,264.207,244.992,34.8273,702.552
ADNI_023_S_0061_MR_MPR__GradWarp__B1_Correction__N3__Scaled_Br_20071113172723593_S23481_I81874,81874,1924.1434,2041.3085,626.887,334.581,299.553,72.4725,707.815,594.274,336.997,277.811,35.0284,680.033
ADNI_023_S_0855_MR_MPR__GradWarp__B1_Correction__N3__Scaled_Br_20071006114755886_S38875_I77026,77026,1944.8537,1937.5826,615.567,293.243,271.431,44.8346,712.507,571.944,335.654,288.396,30.2937,718.566
ADNI_023_S_0388_MR_MPR__GradWarp__B1_Correction__N3__Scaled_Br_20080408125115592_S29861_I101432,101432,2280.8707,2669.6648,787.256,359.82,397.25,85.7288,1039.61,702.735,379.139,313.937,31.3937,853.666
ADNI_023_S_1046_MR_MPR__GradWarp__B1_Correction__N3__Scaled_Br_20080116083255647_S32728_I87518,87518,2457.2173,2523.596,790.51,362.065,343.962,51.896,975.163,776.027,407.927,283.618,18.1033,971.542
ADNI_023_S_0926_MR_MPR__GradWarp__B1_Correction__N3__Scaled_Br_20070806120738644_S29272_I64995,64995,2074.4451,2024.9376,633.925,323.604,317.566,72.4486,677.394,565.099,382.77,300.662,18.1121,807.802
ADNI_023_S_0388_MR_MPR__GradWarp__B1_Correction__N3__Scaled_2_Br_20081001153723387_S29861_I118871,118871,2278.6712,2618.4855,788.075,347.042,384.398,79.5305,1019.44,698.905,375.963,312.097,26.5102,865.196
ADNI_023_S_0030_MR_MPR__GradWarp__B1_Correction__N3__Scaled_2_Br_20081001134756957_S13207_I118776,118776,1631.3874,1549.4557,480.741,232.539,227.719,65.0627,543.394,485.561,267.48,242.178,32.5314,603.637
ADNI_021_S_0332_MR_MPR__GradWarp__B1_Correction__N3__Scaled_Br_20061217140523536_S13439_I33484,33484,1568.4885,1600.7915,497.705,187.836,259.62,63.4095,592.221,477.366,197.407,250.049,25.1245,618.542
ADNI_023_S_0030_MR_MPR__GradWarp__B1_Correction__N3__Scaled_Br_20070427180234633_S13207_I51902,51902,1620.5129,1544.3826,478.541,227.186,234.437,65.2556,538.963,479.749,263.439,253.772,30.2109,593.342
ADNI_012_S_1321_MR_MPR____N3__Scaled_Br_20070920164354214_S28037_I73895,73895,1953.0292,2198.2314,713.536,313.858,301.598,68.6564,800.583,615.456,319.988,248.879,41.6842,727.022
ADNI_016_S_1117_MR_MPR__GradWarp__B1_Correction__N3__Scaled_Br_20071229174509877_S25222_I86318,86318,1854.0932,1658.3562,486.339,220.954,260.582,72.0502,618.431,519.963,282.197,287,64.8452,700.088
ADNI_012_S_1292_MR_MPR____N3__Scaled_Br_20080421165211061_S47696_I103301,103301,2098.8779,2145.0876,708.949,299.145,279.688,54.7216,802.584,606.802,400.076,263.88,30.4009,797.719
ADNI_012_S_0689_MR_MPR____N3__Scaled_Br_20070711164433410_S24956_I59190,59190,1587.9011,1575.6477,476.615,246.272,245.046,51.4597,556.255,485.192,257.299,220.542,26.9551,597.913
ADNI_005_S_0324_MR_MPR-R__GradWarp__B1_Correction__N3__Scaled_Br_20070108214812498_S21628_I35467,35467,1487.9148,1533.4249,493.022,243.983,197.209,39.1889,560.022,404.531,266.737,228.813,22.7548,565.079
ADNI_002_S_1070_MR_MPR____N3__Scaled_Br_20070217034203890_S24206_I40840,40840,2558.3376,2623.0271,784.833,401.571,350.306,78.1171,1008.2,716.48,360.071,407.674,47.6026,1026.51
ADNI_002_S_0559_MR_MPR____N3__Scaled_Br_20071028190647964_S23910_I79123,79123,2455.736,2295.8434,677.402,358.84,316.121,65.9094,877.571,739.65,445.499,266.079,40.278,964.23
ADNI_127_S_0622_MR_MPR__GradWarp__B1_Correction__N3__Scaled_Br_20070922104550551_S15986_I74496,74496,1761.3378,1758.7803,563.679,223.682,279.922,43.4583,648.039,494.657,247.968,306.764,33.2328,678.716
ADNI_067_S_0290_MR_MPR-R__GradWarp__B1_Correction__N3__Scaled_Br_20080131140522955_S15130_I89124,89124,2203.1291,1837.3498,595.147,267.997,259.547,48.2878,666.371,662.75,362.158,306.627,31.3871,840.207
ADNI_127_S_0393_MR_MPR__GradWarp__B1_Correction__N3__Scaled_Br_20070209172507581_S14896_I38790,38790,2009.9044,1852.9403,583.191,236.084,273.092,71.4633,689.11,620.199,304.995,289.681,62.5304,732.499
ADNI_130_S_0505_MR_MPR____N3__Scaled_Br_20071127182529945_S29456_I83530,83530,1755.5901,1784.8693,539.243,234.241,228.141,48.8003,734.444,500.203,272.062,230.581,20.7401,732.004
ADNI_127_S_0393_MR_MPR__GradWarp__B1_Correction__N3__Scaled_Br_20070731201229484_S33211_I63583,63583,2001.8607,1842.0703,585.474,228.821,265.892,83.0913,678.792,625.102,290.18,292.737,57.5247,736.317
ADNI_136_S_0579_MR_MPR-R____N3__Scaled_Br_20070215222116139_S16545_I40404,40404,1940.5609,1982.5905,588.413,327.83,273.792,72.0505,720.505,543.981,360.253,283.399,54.0379,698.89
ADNI_052_S_1250_MR_MPR-R__GradWarp__B1_Correction__N3__Scaled_Br_20080223165814045_S44924_I91864,91864,1977.9855,2084.6657,636.319,294.941,291.175,69.0287,793.202,523.363,331.338,327.572,66.5185,729.194
ADNI_027_S_0417_MR_MPR-R__GradWarp__B1_Correction__N3__Scaled_Br_20081022121820029_S32755_I122721,122721,2606.3359,2196.3936,700.875,278.907,389.508,16.8306,810.273,728.525,419.563,364.262,25.2459,1068.74
ADNI_037_S_0303_MR_MPR__GradWarp__B1_Correction__N3__Scaled_Br_20080125111736742_S20560_I88540,88540,2063.2923,1832.0306,574.542,264.988,286.669,57.8156,648.016,597.427,346.893,333.644,27.7033,757.625
ADNI_067_S_0607_MR_MPR__GradWarp__B1_Correction__N3__Scaled_Br_20080131140433901_S18034_I89123,89123,1840.5983,1990.4581,583.723,302.134,291.257,72.5121,740.832,511.21,271.92,286.423,43.5073,727.538
ADNI_051_S_1131_MR_MPR__GradWarp__B1_Correction__N3__Scaled_Br_20080223163614668_S45357_I91833,91833,2558.0053,2348.039,741.486,316.751,357.545,106.784,825.473,751.084,422.335,391.14,10.7983,982.648
ADNI_027_S_0835_MR_MPR__GradWarp__B1_Correction__N3__Scaled_Br_20070810174618299_S28689_I66987,66987,2072.579,2010.0653,662.408,300.548,239.236,51.6943,756.179,617.927,369.073,227.214,31.257,827.108
ADNI_023_S_0376_MR_MPR__GradWarp__B1_Correction__N3__Scaled_Br_20070805131701599_S28518_I64800,64800,2098.8777,1949.5587,571.983,298.635,301.044,93.9257,683.971,626.171,351.619,279.369,45.7587,795.96
ADNI_023_S_1190_MR_MPR__GradWarp__B1_Correction__N3__Scaled_Br_20080124145245630_S44392_I88372,88372,2098.2533,2162.0197,684.579,281.532,270.704,81.8127,843.392,578.704,340.485,333.266,50.5313,795.267
ADNI_023_S_0604_MR_MPR__GradWarp__B1_Correction__N3__Scaled_Br_20071113180411587_S23944_I81928,81928,2295.3342,2110.4991,730.883,256.111,280.272,53.1551,790.078,715.178,350.34,304.434,20.5372,904.845
ADNI_023_S_0031_MR_MPR-R__GradWarp__B1_Correction__N3__Scaled_2_Br_20081001151855574_S21475_I118846,118846,2069.1458,1872.9423,613.882,279.256,288.886,64.9993,625.919,636.753,353.885,324.997,55.3698,698.141
ADNI_023_S_0058_MR_MPR__GradWarp__B1_Correction__N3__Scaled_2_Br_20081001151149388_S10498_I118837,118837,2258.406,2135.6148,622.386,371.987,281.699,85.4728,774.07,674.151,399.675,298.553,52.969,833.058
ADNI_023_S_0139_MR_MPR__GradWarp__B1_Correction__N3__Scaled_Br_20070427193459238_S26521_I52049,52049,1460.3479,1612.165,490.397,248.211,243.391,51.811,578.355,389.185,274.719,208.449,27.7129,560.282
ADNI_023_S_0376_MR_MPR__GradWarp__B1_Correction__N3__Scaled_Br_20061201170258692_S13786_I31392,31392,2097.8374,2042.3458,604.38,316.063,308.825,96.5078,716.57,611.618,351.047,306.412,60.3174,768.443
ADNI_023_S_0058_MR_MPR__GradWarp__B1_Correction__N3__Scaled_2_Br_20081001151517429_S15504_I118841,118841,2279.634,2189.4094,645.996,358.486,299.54,68.5694,816.818,677.274,409.011,312.773,44.51,836.066
ADNI_023_S_0963_MR_MPR__GradWarp__B1_Correction__N3__Scaled_Br_20070805135745358_S29352_I64849,64849,2578.6375,2404.8773,679.351,348.725,339.072,91.7063,946.023,757.784,438.018,340.279,41.0265,1001.53
ADNI_002_S_0954_MR_MPR____N3__Scaled_Br_20070217012734324_S22322_I40749,40749,1458.1662,1450.8627,438.18,228.827,209.353,63.2927,511.21,387.059,262.908,225.176,37.7322,545.291
ADNI_002_S_1018_MR_MPR____N3__Scaled_Br_20080313095739932_S43496_I97022,97022,1999.0368,1851.4572,547.631,246.373,290.281,84.1572,683.015,540.313,297.599,339.068,74.3998,747.657
ADNI_002_S_1261_MR_MPR____N3__Scaled_Br_20081224110926692_S60591_I132220,132220,1850.9811,1754.5254,549.434,275.938,245.414,54.9434,628.796,531.119,310.125,271.054,29.3031,709.38
ADNI_018_S_0369_MR_MPR____N3__Scaled_Br_20070101220110267_S21544_I35021,35021,2208.1257,2200.8065,678.297,337.929,307.43,74.4175,802.733,678.297,441.625,269.611,37.8187,780.774
ADNI_018_S_0633_MR_MPR____N3__Scaled_Br_20070904192251723_S35155_I71451,71451,1925.1064,1680.3778,528.223,231.4,216.862,50.8838,653.009,583.953,312.572,248.362,26.6534,753.566
ADNI_136_S_0429_MR_MPR____N3__Scaled_Br_20070809234415928_S24156_I66801,66801,2227.2615,2257.8229,690.671,341.057,331.278,94.1269,800.69,673.557,432.739,287.27,33.0055,800.69
ADNI_136_S_0426_MR_MPR____N3__Scaled_Br_20070809233020851_S32971_I66787,66787,2393.4558,2740.2643,869.46,349.249,454.268,18.3173,1048.97,670.412,396.874,407.864,14.6538,903.652
ADNI_023_S_0058_MR_MPR__GradWarp__B1_Correction__N3__Scaled_Br_20061130133702940_S10498_I30968,30968,2261.6323,2162.5655,657.227,373.314,280.288,83.3615,768.375,674.14,399.893,314.116,47.1173,826.366
ADNI_027_S_0404_MR_MPR__GradWarp__B1_Correction__N3__Scaled_Br_20080116084710279_S32328_I87547,87547,1443.2091,1270.1686,385.737,169.436,195.873,52.8736,466.249,437.409,234.326,199.478,14.4201,557.576
ADNI_027_S_1387_MR_MPR__GradWarp__B1_Correction__N3__Scaled_Br_20080408153947927_S47010_I101566,101566,1951.9092,2003.6874,614.111,249.257,343.18,20.4704,776.669,573.17,291.402,323.913,10.8372,752.587
ADNI_067_S_0607_MR_MPR__GradWarp__B1_Correction__N3__Scaled_2_Br_20081003160955509_S18034_I119204,119204,1835.5892,1986.0253,594.473,304.516,283.891,76.4323,726.713,497.417,264.48,293.597,41.2492,738.846
ADNI_051_S_1331_MR_MPR-R__GradWarp__B1_Correction__N3__Scaled_Br_20071118111838279_S30826_I82509,82509,2097.5425,2298.9072,690.391,330.813,332.011,64.7242,880.968,565.737,361.976,311.635,31.1635,827.031
ADNI_130_S_1337_MR_MPR____N3__Scaled_Br_20071106113438670_S40045_I80965,80965,1614.8137,1472.007,476.022,321.01,167.218,25.632,482.125,515.08,342.98,185.527,20.7497,550.477
ADNI_130_S_0956_MR_MPR____N3__Scaled_Br_20071129171921336_S29752_I83806,83806,1881.3594,2026.5474,589.297,317.22,290.378,69.5444,760.108,513.653,318.44,244.015,37.8224,767.429
ADNI_136_S_0184_MR_MPR____N3__Scaled_Br_20080123103107781_S18601_I88159,88159,1913.4885,1861.9348,568.292,279.35,269.759,86.3228,658.211,579.082,305.727,293.737,41.9625,692.98
ADNI_136_S_0300_MR_MPR-R____N3__Scaled_2_Br_20081008134231030_S15349_I119729,119729,1989.7208,2123.7382,642.313,290.973,332.023,85.7222,772.707,543.31,344.096,327.193,43.4648,731.657
ADNI_007_S_1222_MR_MPR__GradWarp__B1_Correction__N3__Scaled_Br_20080307174145562_S46098_I96052,96052,1709.0373,1745.11,502.512,262.451,258.719,70.899,650.529,452.758,281.108,272.401,44.7783,657.992
ADNI_023_S_1247_MR_MPR__GradWarp__B1_Correction__N3__Scaled_Br_20080223124249591_S45054_I91703,91703,1833.5474,1791.4403,558.246,245.436,250.248,75.7963,661.714,560.652,315.216,273.107,34.8904,649.682
ADNI_007_S_1206_MR_MPR__GradWarp__B1_Correction__N3__Scaled_Br_20080307172819103_S46079_I96034,96034,2477.5763,2361.8479,696.857,387.005,331.007,73.4189,873.56,734.189,445.491,331.007,46.0423,920.847
ADNI_002_S_1261_MR_MPR____N3__Scaled_Br_20071028191714936_S38705_I79135,79135,1861.3662,1784.4216,552.059,280.915,256.488,54.9616,639.998,545.952,305.342,278.472,40.3052,691.295
ADNI_002_S_1261_MR_MPR____N3__Scaled_Br_20070807144436756_S27226_I65561,65561,1821.3277,1782.2377,564.355,276.07,266.297,57.4127,618.103,524.044,302.944,251.639,17.1017,725.599
ADNI_016_S_1121_MR_MPR__GradWarp__B1_Correction__N3__Scaled_Br_20071229175133442_S25229_I86327,86327,2188.0791,2009.2408,652.943,259.257,300.066,72.0158,724.959,630.138,288.063,351.677,78.0171,840.184
ADNI_007_S_1222_MR_MPR__GradWarp__B1_Correction__N3__Scaled_Br_20071006114110390_S38918_I77017,77017,1709.6677,1771.8363,503.575,278.52,262.356,60.9263,666.459,443.892,272.303,279.764,62.1697,651.539
ADNI_016_S_1121_MR_MPR__GradWarp__B1_Correction__N3__Scaled_Br_20080308123145483_S44323_I96239,96239,2138.216,2026.7502,648.416,263.681,310.425,85.0972,719.131,595.68,297.241,339.19,93.487,812.618
ADNI_002_S_0559_MR_MPR____N3__Scaled_Br_20070319121214158_S15922_I45126,45126,2496.9244,2236.6278,637.487,383.215,301.27,57.8438,856.812,759.2,442.264,285.604,36.1524,973.704
ADNI_002_S_1018_MR_MPR____N3__Scaled_Br_20070217032215330_S24312_I40828,40828,2068.8262,1862.6747,540.383,258.603,279.34,79.2887,705.06,566,301.297,339.112,82.9482,779.469
ADNI_002_S_0954_MR_MPR____N3__Scaled_Br_20071101154528316_S41689_I80132,80132,1415.9291,1454.9897,436.985,224.596,217.272,63.4727,512.664,377.174,259.994,205.066,39.0601,534.635
ADNI_002_S_0413_MR_MPR____N3__Scaled_Br_20070216232854688_S14782_I40657,40657,2155.636,2096.429,635.574,328.662,277.913,72.499,781.781,611.408,370.953,282.746,26.583,863.946
ADNI_136_S_0426_MR_MPR____N3__Scaled_2_Br_20081008134424912_S15017_I119731,119731,2449.3659,2782.5429,896.934,388.712,398.369,26.5579,1071.97,704.992,422.513,358.532,19.3149,944.014
ADNI_130_S_0449_MR_MPR____N3__Scaled_Br_20071110121820960_S27192_I81437,81437,1713.3674,1620.6206,496.681,291.663,222.103,54.9156,555.258,527.19,280.68,245.29,40.2714,619.936
ADNI_130_S_0505_MR_MPR____N3__Scaled_Br_20080220155941165_S41323_I91168,91168,1698.8066,1785.3935,528.057,237.809,220.735,58.5375,740.255,470.739,264.638,217.077,24.3906,721.962
ADNI_130_S_0969_MR_MPR____N3__Scaled_Br_20070801181311967_S31845_I63743,63743,1863.0145,1792.2047,568.915,271.028,279.574,67.1467,605.541,533.511,311.316,311.316,52.4965,654.375
ADNI_127_S_0260_MR_MPR__GradWarp__B1_Correction__N3__Scaled_Br_20080123091240719_S21836_I88077,88077,1799.2255,1852.8581,586.121,289.868,251.56,52.3551,672.954,508.227,338.392,241.344,39.5855,671.677
ADNI_130_S_0423_MR_MPR-R____N3__Scaled_Br_20070210195537624_S16421_I39104,39104,1794.4084,1572.5331,516.499,272.799,201.265,36.3731,545.597,560.146,309.172,264.312,31.5234,629.255
ADNI_116_S_0649_MR_MPR__GradWarp__B1_Correction__N3__Scaled_Br_20070508155339881_S26946_I53823,53823,1732.2891,1473.648,452.32,196.085,230.972,56.54,537.731,514.875,246.611,264.655,49.3221,656.826
ADNI_053_S_0507_MR_MPR____N3__Scaled_2_Br_20081003140851627_S15256_I119146,119146,1910.6205,1696.0401,524.936,254.588,261.862,64.2531,590.401,533.422,277.622,330.964,58.1915,710.421
ADNI_023_S_0061_MR_MPR__GradWarp__B1_Correction__N3__Scaled_Br_20070804141852672_S15579_I64681,64681,1910.423,2043.1751,638.417,324.639,301.709,73.6171,704.793,590.143,304.123,272.745,59.135,684.277
ADNI_023_S_1046_MR_MPR__GradWarp__B1_Correction__N3__Scaled_2_Br_20081001155242429_S22606_I118908,118908,2467.1565,2482.809,775.426,351.591,351.591,46.959,957.242,788.671,427.448,275.734,22.8775,952.426
ADNI_023_S_0604_MR_MPR-R__GradWarp__B1_Correction__N3__Scaled_2_Br_20081002113933605_S15677_I119026,119026,2223.82703,2097.5406,701.185,269.409,276.625,44.5006,805.821,697.577,351.194,283.842,8.41903,882.795
ADNI_027_S_0307_MR_MPR-R__GradWarp__B1_Correction__N3__Scaled_Br_20080124151101410_S20538_I88403,88403,2049.3121,2072.2027,631.299,233.725,307.216,90.3577,809.605,555.399,263.844,365.045,67.4671,797.557
ADNI_031_S_1209_MR_MPR__GradWarp__B1_Correction__N3__Scaled_Br_20071002184302034_S36418_I76658,76658,1825.97,1915.3374,597.788,268.099,277.76,78.4974,693.193,594.165,344.181,239.115,27.776,620.733
ADNI_051_S_1331_MR_MPR__GradWarp__B1_Correction__N3__Scaled_Br_20080302125411602_S42349_I94881,94881,2061.7881,2271.3189,704.025,306.514,330.461,81.4179,848.901,541.189,344.829,304.12,26.3411,845.309
ADNI_018_S_0406_MR_MPR____N3__Scaled_Br_20070815095903193_S33285_I67697,67697,1909.3837,2054.6763,630.811,279.688,271.212,61.7493,811.216,524.263,329.329,274.845,12.1077,768.839
ADNI_023_S_0031_MR_MPR-R__GradWarp__B1_Correction__N3__Scaled_2_Br_20081001152020822_S10009_I118848,118848,2082.1456,1909.8387,602.473,285.572,277.137,72.2967,672.36,624.162,366.303,333.77,54.2226,703.688
ADNI_023_S_0331_MR_MPR__GradWarp__B1_Correction__N3__Scaled_2_Br_20081002104540684_S19679_I119008,119008,1768.5282,1585.535,487.579,322.645,187.808,36.117,551.386,522.492,390.063,220.314,21.6702,613.989
ADNI_005_S_0572_MR_MPR-R__GradWarp__B1_Correction__N3__Scaled_Br_20061212145700047_S17494_I32817,32817,1514.2261,1372.663,432.275,144.092,236.361,64.462,495.473,495.473,260.376,235.097,29.0711,494.209
ADNI_002_S_1268_MR_MPR-R____N3__Scaled_Br_20070806174712233_S27680_I65268,65268,2227.1545,2241.8073,660.576,343.109,337.004,54.9463,846.172,644.703,385.845,369.971,20.7575,805.878
ADNI_005_S_0448_MR_MPR__GradWarp__B1_Correction__N3__Scaled_Br_20070904174004430_S32787_I71302,71302,2018.801,1907.5587,597.929,304.653,304.653,69.5267,630.797,621.948,359.01,264.201,31.603,742.039
ADNI_012_S_1009_MR_MPR____N3__Scaled_Br_20070711170219086_S22179_I59214,59214,1904.7903,1800.6031,512.357,268.436,313.788,63.7381,642.284,566.289,307.659,295.402,49.0293,686.411
ADNI_018_S_0335_MR_MPR____N3__Scaled_Br_20080224131937659_S23025_I92157,92157,2020.6987,1711.9807,523.478,257.468,219.641,19.5237,691.87,617.436,344.104,267.23,14.6427,777.286
ADNI_136_S_0195_MR_MPR____N3__Scaled_Br_20071113184014832_S28912_I81981,81981,1914.1146,2187.5592,626.238,318.612,405.284,26.8562,810.569,506.606,330.819,341.806,10.9866,723.897
ADNI_136_S_0194_MR_MPR____N3__Scaled_Br_20070215184513364_S13723_I40248,40248,1496.3556,1639.3805,530.034,215.139,258.407,72.1135,563.687,435.085,271.628,210.331,49.2776,530.034
ADNI_136_S_0195_MR_MPR____N3__Scaled_2_Br_20081008133516751_S12748_I119721,119721,1898.814,2216.6933,629.715,328.757,384.356,38.6773,835.188,529.396,336.009,292.497,10.878,730.034
ADNI_116_S_0649_MR_MPR__GradWarp__B1_Correction__N3__Scaled_Br_20071127181121294_S42362_I83512,83512,1740.1843,1481.9309,476.68,189.465,228.082,56.7189,530.985,528.572,261.872,253.425,43.4443,652.871
ADNI_128_S_1148_MR_MPR__GradWarp__B1_Correction__N3__Scaled_Br_20070819185116253_S25096_I69118,69118,2086.9063,1970.4278,630.925,259.65,294.836,67.9458,717.071,620.005,319.103,313.036,50.9593,783.803
ADNI_130_S_0886_MR_MPR-R____N3__Scaled_Br_20070211002657559_S20151_I39288,39288,1902.8537,1787.4185,569.884,266.108,257.602,75.3365,618.488,574.744,312.282,287.98,77.7667,650.081
ADNI_136_S_0184_MR_MPR-R____N3__Scaled_Br_20070819190556867_S28430_I69136,69136,1926.8842,1814.6147,543.042,272.131,278.233,59.7957,661.413,580.872,335.588,283.114,42.7112,684.599
ADNI_082_S_0928_MR_MPR__GradWarp__B1_Correction__N3__Scaled_Br_20080613154501166_S50770_I109533,109533,1581.9693,1853.7193,560.483,268.11,274.176,60.6583,690.292,448.872,257.191,242.633,31.5423,601.731
ADNI_067_S_0290_MR_MPR-R__GradWarp__B1_Correction__N3__Scaled_Br_20070911104732616_S33684_I72427,72427,2207.6347,1822.5406,577.642,277.317,262.785,50.8616,653.935,652.724,354.82,312.435,35.1187,852.537
ADNI_116_S_1232_MR_MPR-R__GradWarp__B1_Correction__N3__Scaled_Br_20080220142829475_S36801_I91096,91096,2182.7545,2180.3413,661.221,352.33,287.173,76.0163,803.601,596.064,398.181,336.644,50.6775,801.188
ADNI_051_S_1131_MR_MPR__GradWarp__B1_Correction__N3__Scaled_Br_20070913161403372_S35110_I73127,73127,2486.5574,2303.5638,758.286,302.597,343.262,95.6828,803.736,779.815,419.808,361.203,13.1564,912.575
ADNI_067_S_0290_MR_MPR-R__GradWarp__B1_Correction__N3__Scaled_2_Br_20081003160743044_S15130_I119201,119201,2234.9118,1835.8206,586.543,275.736,249.13,58.0496,666.362,673.618,367.648,325.32,29.0248,839.301
ADNI_053_S_0507_MR_MPR____N3__Scaled_Br_20070927074706802_S15256_I75459,75459,1903.9034,1711.578,515.288,256.434,272.159,68.947,598.75,523.755,283.045,320.543,55.6414,720.919
ADNI_100_S_1286_MR_MPR-R____N3__Scaled_Br_20071103131952213_S38792_I80679,80679,2470.1536,2467.701,754.292,307.849,418.234,104.252,883.074,723.63,414.554,393.704,58.8716,879.394
ADNI_021_S_0332_MR_MPR__GradWarp__B1_Correction__N3__Scaled_Br_20071110114357593_S37147_I81387,81387,1463.25,1599.0039,497.361,185.009,269.104,70.8799,576.65,436.092,206.633,217.445,16.819,586.261
ADNI_023_S_0625_MR_MPR__GradWarp__B1_Correction__N3__Scaled_Br_20061203133805576_S16766_I31500,31500,2459.6312,2708.2507,871.371,333.1,391.031,66.3787,1046.37,703.614,391.031,384.996,28.9652,951.025
ADNI_023_S_0926_MR_MPR__GradWarp__B1_Correction__N3__Scaled_2_Br_20081001154731284_S29272_I118901,118901,2102.5969,2012.2285,618.128,325.33,319.306,74.7055,674.759,586.799,391.601,298.822,18.0739,807.301
ADNI_023_S_0916_MR_MPR__GradWarp__B1_Correction__N3__Scaled_Br_20071101155340047_S40736_I80152,80152,1829.5976,2070.652,641.203,285.649,306.138,67.495,770.167,567.681,272.391,259.133,25.3106,705.082
ADNI_023_S_0376_MR_MPR__GradWarp__B1_Correction__N3__Scaled_2_Br_20081001154518431_S13786_I118882,118882,2080.7218,2025.3956,595.351,310.304,311.507,95.0156,713.218,617,342.778,299.48,67.3528,754.111
ADNI_023_S_0604_MR_MPR__GradWarp__B1_Correction__N3__Scaled_2_Br_20081002104632165_S23944_I119009,119009,2284.487,2109.868,727.375,254.099,280.593,45.762,802.039,709.311,351.645,302.27,27.698,893.563
ADNI_023_S_0625_MR_MPR__GradWarp__B1_Correction__N3__Scaled_Br_20070913154835134_S35062_I73073,73073,2436.4915,2689.7131,888.09,334.397,426.477,37.5591,1003.19,685.756,410.726,364.686,21.8085,953.515
ADNI_023_S_1046_MR_MPR__GradWarp__B1_Correction__N3__Scaled_Br_20080124114448930_S42331_I88270,88270,2465.6972,2543.8791,763.766,350.009,358.429,54.1251,1017.55,724.074,408.945,288.667,26.4612,1017.55
ADNI_018_S_0425_MR_MPR____N3__Scaled_Br_20070813142910078_S24593_I67377,67377,2323.7195,2431.1175,735.926,324.637,449.122,51.2585,870.174,661.479,355.148,421.052,31.7315,854.309
ADNI_005_S_0572_MR_MPR-R__GradWarp__B1_Correction__N3__Scaled_Br_20071223123153496_S34606_I86030,86030,1583.3948,1398.7496,427.466,154.292,239.027,63.2346,514.73,505.877,284.556,235.233,25.2938,532.435
ADNI_005_S_0448_MR_MPR__GradWarp__B1_Correction__N3__Scaled_Br_20070816102507851_S23677_I67889,67889,2033.696,1965.4005,605.809,325.037,303.537,69.5605,661.457,648.81,344.008,265.595,43.001,732.282
ADNI_012_S_0689_MR_MPR-R____N3__Scaled_Br_20070711164229152_S16978_I59174,59174,1650.5014,1650.5006,490.987,271.818,248.555,64.8936,574.247,513.027,281.614,249.779,34.2834,571.798
ADNI_007_S_1206_MR_MPR__GradWarp__B1_Correction__N3__Scaled_Br_20070925095905408_S38135_I75029,75029,2498.3844,2358.9619,720.759,372.206,339.84,75.9349,850.222,743.167,453.12,353.533,42.3244,906.24
ADNI_007_S_1222_MR_MPR__GradWarp__B1_Correction__N3__Scaled_Br_20070713115714585_S26090_I59986,59986,1779.1902,1836.3825,511.004,285.963,271.044,75.8425,692.529,477.435,279.747,272.287,67.1392,682.582
ADNI_002_S_1280_MR_MPR____N3__Scaled_Br_20071027115938901_S41213_I78677,78677,2004.4735,1902.0546,568.178,293.843,290.185,62.1826,687.666,618.168,302.378,317.009,52.4285,714.49
ADNI_136_S_0579_MR_MPR____N3__Scaled_Br_20071127184324135_S34002_I83554,83554,1984.1581,1960.9746,595.492,319.711,261.138,65.8946,718.739,551.562,374.623,286.763,50.0311,721.179
ADNI_136_S_0196_MR_MPR____N3__Scaled_Br_20070809224441151_S31829_I66740,66740,1702.1231,1835.1197,586.897,262.334,273.316,74.4297,638.143,552.732,303.82,219.629,39.0451,586.897
ADNI_130_S_0956_MR_MPR____N3__Scaled_Br_20071119103328096_S42138_I82700,82700,1842.7741,1962.3697,558.934,314.858,284.348,63.4597,740.77,510.119,313.638,256.28,54.9171,707.82
ADNI_130_S_0449_MR_MPR____N3__Scaled_Br_20071119102143821_S38619_I82686,82686,1709.6035,1592.4572,482.008,277.002,231.852,50.0312,551.564,523.497,281.883,247.716,37.8285,618.679
ADNI_136_S_0086_MR_MPR____N3__Scaled_Br_20070215172221943_S14069_I40172,40172,1960.4926,1907.7008,604.705,279.556,281.956,45.5928,695.891,554.313,351.545,281.956,21.5966,751.082
ADNI_027_S_1385_MR_MPR__GradWarp__B1_Correction__N3__Scaled_Br_20071029184029245_S40030_I79577,79577,1302.5661,1254.4133,382.825,213.082,185.393,45.7463,427.367,361.155,257.624,179.374,31.3001,473.113
ADNI_027_S_0307_MR_MPR__GradWarp__B1_Correction__N3__Scaled_Br_20061222185350351_S14336_I34168,34168,2036.4216,2095.3275,635.931,241.63,302.939,91.3625,823.465,557.792,264.47,365.45,57.7026,791.007
ADNI_031_S_1066_MR_MPR-R__GradWarp__B1_Correction__N3__Scaled_Br_20080225191153235_S32777_I92682,92682,1539.2708,1588.7301,468.054,260.566,200.25,30.1581,629.702,377.58,273.836,242.471,25.3328,620.051
ADNI_051_S_1072_MR_MPR-R__GradWarp__B1_Correction__N3__Scaled_Br_20070807164626060_S25625_I65662,65662,2288.7557,2357.0576,674.643,348.706,323.541,89.8726,920.295,668.652,448.165,317.55,46.7337,807.655
ADNI_051_S_1123_MR_MPR__GradWarp__B1_Correction__N3__Scaled_Br_20080321155740789_S42399_I99260,99260,1590.042,1677.4461,484.915,235.872,221.504,56.2741,678.881,391.524,250.24,299.33,33.525,615.423
ADNI_052_S_1251_MR_MPR__GradWarp__B1_Correction__N3__Scaled_Br_20070727111631299_S27758_I62272,62272,2232.0969,2220.084,688.37,345.987,330.37,73.282,782.075,675.155,348.39,356.799,58.8659,792.887
ADNI_127_S_0260_MR_MPR__GradWarp__B1_Correction__N3__Scaled_Br_20061227143400735_S13858_I34371,34371,1801.3811,1843.5404,546.802,295.12,272.123,49.8254,679.67,505.92,330.892,245.294,35.7721,683.503
ADNI_127_S_0393_MR_MPR__GradWarp__B1_Correction__N3__Scaled_Br_20080410104519989_S22866_I101909,101909,2010.0655,1865.8508,588.343,233.55,262.904,81.6788,699.375,615.144,310.124,290.981,52.3255,741.491
ADNI_027_S_0835_MR_MPR__GradWarp__B1_Correction__N3__Scaled_Br_20071115094836333_S40013_I82223,82223,2047.2947,1976.2824,658.36,300.896,232.291,56.5684,728.167,616.234,352.65,243.124,24.0717,811.215
ADNI_023_S_0078_MR_MPR__GradWarp__B1_Correction__N3__Scaled_2_Br_20081001153208164_S16570_I118863,118863,2113.172,2120.388,643.453,358.409,271.814,72.163,774.549,631.426,401.707,280.233,25.257,774.549
ADNI_027_S_0403_MR_MPR-R__GradWarp__B1_Correction__N3__Scaled_Br_20070327123536244_S21067_I47065,47065,2182.8763,2184.0796,698.328,309.431,286.555,50.5686,839.197,612.843,367.224,299.799,22.8763,880.134
ADNI_023_S_0061_MR_MPR__GradWarp__B1_Correction__N3__Scaled_2_Br_20081001152553890_S15579_I118855,118855,1902.0407,2035.5804,629.201,323.624,294.75,64.9654,723.04,595.516,317.608,271.892,52.9347,664.09
ADNI_023_S_0331_MR_MPR__GradWarp__B1_Correction__N3__Scaled_2_Br_20081002104031663_S28331_I119001,119001,1715.9684,1605.4938,503.143,343.434,182.524,27.6188,548.774,521.155,356.643,217.348,16.8114,604.011
ADNI_023_S_0331_MR_MPR__GradWarp__B1_Correction__N3__Scaled_Br_20070812140259245_S28331_I67174,67174,1720.5342,1609.7654,505.685,340.736,181.806,32.5084,549.03,506.889,370.836,220.334,15.6522,606.823
ADNI_023_S_0388_MR_MPR__GradWarp__B1_Correction__N3__Scaled_Br_20061203120855584_S14001_I31446,31446,2204.6665,2722.6303,846.37,362.213,386.36,74.8573,1052.83,688.204,370.664,306.673,33.8065,805.319
ADNI_023_S_0078_MR_MPR__GradWarp__B1_Correction__N3__Scaled_2_Br_20081001153115998_S10841_I118862,118862,2128.3443,2116.309,654.876,346.699,290.12,65.006,759.608,644.041,408.093,245.578,37.3183,793.314
ADNI_012_S_1292_MR_MPR____N3__Scaled_Br_20070923134730116_S28409_I74691,74691,2135.2126,2158.4888,686.012,319.731,281.755,44.1008,826.89,600.261,415.282,285.43,31.8506,802.389
ADNI_018_S_0425_MR_MPR____N3__Scaled_Br_20090326124223290_S15637_I139891,139891,2279.9746,2430.8373,726.331,330.925,406.356,52.3153,914.91,660.633,335.791,377.157,27.9826,878.411
ADNI_023_S_0030_MR_MPR__GradWarp__B1_Correction__N3__Scaled_2_Br_20081001135554720_S8908_I118790,118790,1684.0757,1587.7748,504.38,241.958,216.679,58.9848,565.773,512.807,266.033,241.958,38.5207,624.757
ADNI_023_S_1046_MR_MPR__GradWarp__B1_Correction__N3__Scaled_2_Br_20081001155337277_S32728_I118909,118909,2443.9855,2512.6441,761.261,367.381,343.29,48.1811,992.531,754.034,399.903,281.859,21.6815,986.508
ADNI_018_S_0406_MR_MPR____N3__Scaled_Br_20080225100410085_S23426_I92441,92441,1937.4227,2075.4627,638.886,278.52,276.077,50.0847,831.895,549.71,338.377,263.861,18.3237,767.151
ADNI_136_S_0579_MR_MPR____N3__Scaled_Br_20071119103659421_S24985_I82705,82705,1959.3312,1976.433,610.764,321.262,265.072,64.741,714.594,542.359,349.357,299.274,51.3042,717.037
ADNI_136_S_0194_MR_MPR____N3__Scaled_2_Br_20081008133237201_S13723_I119718,119718,1517.9679,1643.6588,520.895,217.543,264.677,71.3058,569.238,427.835,268.303,227.212,48.3429,546.275
ADNI_136_S_0195_MR_MPR____N3__Scaled_Br_20080123103529723_S19574_I88164,88164,1941.4378,2171.8189,625.148,315.574,428.364,25.1979,777.535,517.157,329.972,332.372,14.3988,747.538
ADNI_126_S_0606_MR_MPR-R__GradWarp__B1_Correction__N3__Scaled_Br_20070412180519975_S25749_I48918,48918,1535.3315,1557.8006,473.082,213.449,264.626,61.1636,545.48,454.358,213.449,242.158,49.9295,575.437
ADNI_032_S_0677_MR_MPR__GradWarp__B1_Correction__N3__Scaled_Br_20080220110111945_S29373_I90951,90951,2448.6769,2427.1129,735.561,311.476,334.237,77.8689,967.97,639.723,337.831,396.532,76.6709,997.92
ADNI_051_S_1072_MR_MPR-R__GradWarp__B1_Correction__N3__Scaled_Br_20080229174934136_S45850_I94554,94554,2279.344,2327.3546,684.163,332.479,330.079,86.4206,894.213,655.356,435.704,309.674,42.01,836.6
ADNI_037_S_0303_MR_MPR__GradWarp__B1_Correction__N3__Scaled_Br_20070802181222889_S13916_I64116,64116,2025.2821,1808.2878,590.707,270.038,266.421,61.4818,619.64,588.296,347.191,315.848,30.1381,743.809
ADNI_094_S_1267_MR_MPR__GradWarp__B1_Correction__N3__Scaled_Br_20071101193436306_S40752_I80406,80406,2175.4074,2189.0029,660.038,310.243,294.174,90.2299,834.318,553.74,317.659,311.479,63.0374,929.492
ADNI_094_S_1293_MR_MPR__GradWarp__B1_Correction__N3__Scaled_Br_20071129165920645_S41239_I83780,83780,1941.0522,1912.6533,571.697,259.301,290.17,82.7293,708.756,537.123,288.935,259.301,35.8082,819.885
ADNI_052_S_1251_MR_MPR__GradWarp__B1_Correction__N3__Scaled_Br_20071031143726345_S39876_I80003,80003,2242.0123,2192.9712,668.957,362.142,319.389,66.6442,775.839,645.066,360.885,359.627,55.3273,821.107
ADNI_127_S_0260_MR_MPR__GradWarp__B1_Correction__N3__Scaled_Br_20070731195531372_S31931_I63565,63565,1744.4639,1842.8698,571.264,283.715,255.599,54.9538,677.338,480.526,332.279,263.267,23.0039,645.388
ADNI_127_S_0844_MR_MPR-R__GradWarp__B1_Correction__N3__Scaled_Br_20070812152040976_S32353_I67261,67261,1438.9003,1603.7488,520.1,227.464,213.407,70.2838,572.494,451.094,222.352,203.184,19.1683,543.102
ADNI_094_S_1267_MR_MPR-R__GradWarp__B1_Correction__N3__Scaled_Br_20080409163138501_S47759_I101760,101760,2348.5541,2169.125,656.268,315.844,302.326,72.509,822.178,659.955,363.774,323.218,67.5931,934.014
ADNI_027_S_0417_MR_MPR__GradWarp__B1_Correction__N3__Scaled_Br_20061222200312461_S15050_I34213,34213,2599.0366,2172.673,717.018,270.233,332.687,32.428,820.307,747.044,425.167,369.919,19.2166,1037.69
ADNI_023_S_0078_MR_MPR__GradWarp__B1_Correction__N3__Scaled_Br_20070427191029151_S24992_I52013,52013,2169.2043,2176.4514,683.613,343.015,280.209,74.8834,794.731,640.133,410.651,281.417,33.8183,803.185
ADNI_018_S_0633_MR_MPR____N3__Scaled_Br_20071028191954725_S25316_I79139,79139,1927.5949,1715.3149,534.359,228.139,213.499,40.2599,699.058,563.639,313.539,258.639,34.1599,757.618
ADNI_023_S_0376_MR_MPR-R__GradWarp__B1_Correction__N3__Scaled_2_Br_20081001151347623_S20446_I118839,118839,2057.6472,2022.7315,612.839,301.002,310.634,95.1165,703.14,605.615,358.794,282.942,44.5482,765.748
ADNI_130_S_0449_MR_MPR-R____N3__Scaled_Br_20071110121628197_S18012_I81434,81434,1757.9173,1616.603,490.95,280.195,227.811,56.039,561.608,518.969,298.468,255.83,47.5113,637.139
ADNI_005_S_0602_MR_MPR__GradWarp__B1_Correction__N3__Scaled_Br_20061212140720505_S17241_I32762,32762,2272.9071,2357.6027,709.177,348.9,371.654,84.6967,843.175,659.876,393.145,369.126,59.4141,791.346
ADNI_005_S_0814_MR_MPR__GradWarp__B1_Correction__N3__Scaled_Br_20070918114601353_S29396_I73538,73538,1732.0716,1890.1067,598.007,262.971,318.6,51.8357,658.693,523.414,246.536,269.293,29.0786,663.75
ADNI_018_S_0335_MR_MPR____N3__Scaled_Br_20070101215011237_S15247_I35014,35014,2178.3345,1982.4061,592.653,290.85,284.766,19.4711,794.666,642.548,369.952,264.077,12.1695,889.588
ADNI_012_S_1321_MR_MPR____N3__Scaled_Br_20080225100000056_S39659_I92434,92434,1978.2338,2176.793,675.345,305.192,328.48,85.797,781.979,611.61,327.254,299.064,30.6418,709.664
ADNI_016_S_1326_MR_MPR__GradWarp__B1_Correction__N3__Scaled_Br_20080415141644961_S47894_I102675,102675,2272.5376,2338.4267,706.799,306.679,348.608,76.6697,899.671,681.642,391.734,287.511,46.7206,864.93
ADNI_016_S_1117_MR_MPR__GradWarp__B1_Correction__N3__Scaled_Br_20070921141345100_S37166_I74231,74231,1831.6167,1673.3881,491.468,220.561,267.311,71.9221,622.126,502.256,278.099,294.881,81.5117,674.869
ADNI_002_S_0559_MR_MPR____N3__Scaled_2_Br_20081001115336170_S15922_I118679,118679,2473.8106,2227.51,640.379,380.863,294.358,64.879,847.031,760.525,440.937,281.142,30.0366,961.17
ADNI_002_S_1018_MR_MPR____N3__Scaled_Br_20070805123014249_S33636_I64750,64750,2010.7001,1868.0372,549.925,253.624,290.204,92.6702,681.614,557.241,286.546,349.952,81.6961,735.265
ADNI_002_S_1070_MR_MPR-R____N3__Scaled_Br_20070713123436036_S33354_I60050,60050,2509.6615,2640.2061,796.698,400.179,341.616,64.6631,1037.05,708.854,353.817,397.739,30.5015,1018.75
ADNI_002_S_0954_MR_MPR____N3__Scaled_2_Br_20081001120719118_S22322_I118694,118694,1459.6288,1435.4241,438.131,226.327,215.435,55.6741,499.857,388.508,265.057,221.486,38.7298,545.848
ADNI_130_S_0969_MR_MPR____N3__Scaled_Br_20070210223626600_S22655_I39203,39203,1879.3246,1844.0024,565.137,287.44,300.838,60.8984,629.689,537.124,314.236,303.274,51.1546,673.536
ADNI_136_S_0196_MR_MPR____N3__Scaled_Br_20070215192140032_S13831_I40269,40269,1760.049,1913.7228,609.894,268.93,286.938,80.4388,667.522,559.47,316.953,244.918,45.622,593.086
ADNI_067_S_0607_MR_MPR__GradWarp__B1_Correction__N3__Scaled_Br_20071229185137878_S29074_I86411,86411,1844.9385,1961.0798,592.8,297.61,292.771,66.5388,711.36,521.422,255.267,289.141,50.8115,728.297
ADNI_052_S_1251_MR_MPR__GradWarp__B1_Correction__N3__Scaled_Br_20080409160403317_S47211_I101719,101719,2254.5002,2201.6596,688.176,354.782,335.91,62.9046,759.887,656.724,363.588,357.298,57.8722,819.018
ADNI_100_S_0190_MR_MPR____N3__Scaled_Br_20061213165243410_S15011_I33114,33114,1781.5938,1591.6725,504.826,203.401,257.314,66.1665,559.965,542.81,257.314,321.03,23.2808,637.159
ADNI_053_S_0507_MR_MPR____N3__Scaled_Br_20070927075702120_S33392_I75471,75471,1824.0439,1816.7825,544.671,259.022,291.702,71.4125,649.975,536.199,272.336,300.174,31.4699,683.865
ADNI_031_S_1209_MR_MPR__GradWarp__B1_Correction__N3__Scaled_Br_20080224135211107_S45594_I92205,92205,1806.047,1902.5622,611.667,265.418,285.927,82.0382,657.512,567.029,342.63,238.876,21.716,635.796
ADNI_037_S_0501_MR_MPR__GradWarp__B1_Correction__N3__Scaled_Br_20080108145948877_S24751_I86801,86801,1735.3545,1908.8891,584.477,249.457,271.149,79.5371,724.269,502.53,237.406,241.021,61.4605,692.937
ADNI_067_S_0290_MR_MPR__GradWarp__B1_Correction__N3__Scaled_Br_20071229184500975_S26390_I86402,86402,2159.4106,1772.2896,561.326,270.985,256.468,50.8096,632.701,642.379,350.829,325.424,26.6146,814.164
ADNI_116_S_0487_MR_MPR-R__GradWarp__B1_Correction__N3__Scaled_Br_20070712180404741_S17729_I59677,59677,1794.8236,1826.1847,547.614,266.57,316.024,65.1347,630.842,474.036,282.25,343.767,21.7116,673.059
ADNI_037_S_1225_MR_MPR-R__GradWarp__B1_Correction__N3__Scaled_Br_20071031135936030_S26187_I79943,79943,1689.1703,1575.9971,483.996,202.267,222.735,34.9151,632.084,508.076,270.893,225.142,28.8953,656.164
ADNI_012_S_1292_MR_MPR____N3__Scaled_Br_20071027140344426_S39373_I78796,78796,2121.6737,2045.7234,633.317,312.371,273.171,45.3244,781.54,623.517,409.145,267.047,25.7247,796.24
ADNI_023_S_0916_MR_MPR__GradWarp__B1_Correction__N3__Scaled_Br_20070805134009783_S30560_I64827,64827,1888.2663,2069.251,635.857,296.814,291.988,79.633,764.959,581.562,288.368,267.856,26.5443,723.936
ADNI_027_S_1081_MR_MPR__GradWarp__B1_Correction__N3__Scaled_Br_20080229155222913_S45549_I94432,94432,1896.2255,2010.6016,623.648,235.975,329.883,61.4016,759.694,577.897,251.626,304.6,38.5265,723.576
ADNI_016_S_0769_MR_MPR__GradWarp__B1_Correction__N3__Scaled_Br_20090311145050344_S18541_I138391,138391,1939.6724,2252.5625,664.14,364.438,294.907,40.7595,888.318,594.609,387.215,236.165,22.7774,698.906
ADNI_005_S_0448_MR_MPR-R__GradWarp__B1_Correction__N3__Scaled_Br_20061212143206036_S14868_I32785,32785,1966.1545,1904.5941,589.218,329.158,293.981,65.3291,626.908,611.832,341.721,266.342,43.9715,702.288
ADNI_136_S_0196_MR_MPR____N3__Scaled_Br_20070215193200811_S20882_I40281,40281,1793.0041,1903.399,588.368,266.888,294.79,75.214,678.139,576.236,317.84,255.97,38.8201,604.138
ADNI_116_S_0392_MR_MPR-R__GradWarp__B1_Correction__N3__Scaled_Br_20070508154925856_S16454_I53818,53818,1609.2556,1703.209,554.085,227.657,283.065,36.136,602.266,468.563,230.066,238.497,21.6816,650.448
ADNI_116_S_0752_MR_MPR-R__GradWarp__B1_Correction__N3__Scaled_Br_20080220142202969_S42375_I91085,91085,1650.2973,1620.1377,480.13,202.668,271.43,36.1907,629.719,509.083,259.367,226.795,14.4763,640.576
ADNI_100_S_1286_MR_MPR____N3__Scaled_Br_20080308132349021_S45574_I96312,96312,2459.9762,2506.439,787.388,321.558,385.136,124.711,887.646,725.033,451.159,368.018,66.0232,849.743
ADNI_130_S_0886_MR_MPR____N3__Scaled_Br_20080220160240264_S41511_I91173,91173,1882.6706,1771.7095,541.389,287.766,264.598,79.2575,598.699,563.338,323.127,274.353,62.1866,659.666
ADNI_053_S_0507_MR_MPR____N3__Scaled_Br_20080215171653803_S23807_I90578,90578,1923.8245,1795.5701,519.07,260.14,300.068,75.0171,641.275,538.429,279.499,327.897,64.1275,713.872
ADNI_100_S_1286_MR_MPR____N3__Scaled_Br_20071119085444964_S28476_I82571,82571,2484.2493,2491.6112,772.878,307.924,399.934,98.1432,912.732,734.847,426.923,379.078,62.5663,880.835
ADNI_116_S_0382_MR_MPR__GradWarp__B1_Correction__N3__Scaled_Br_20080117114012937_S33693_I87739,87739,2211.8068,2190.1105,682.225,304.952,330.264,89.1955,783.474,667.761,350.755,333.88,44.5978,814.813
ADNI_116_S_0392_MR_MPR__GradWarp__B1_Correction__N3__Scaled_Br_20070912173932831_S33703_I72805,72805,1568.3257,1732.5233,545.715,196.795,295.797,51.9153,642.301,433.433,206.454,265.613,20.5247,642.301
ADNI_037_S_0303_MR_MPR__GradWarp__B1_Correction__N3__Scaled_Br_20090313100252849_S30681_I138806,138806,2052.4562,1868.384,595.525,274.302,282.724,60.154,655.679,608.759,356.112,326.035,32.4832,729.067
ADNI_031_S_1066_MR_MPR-R__GradWarp__B1_Correction__N3__Scaled_Br_20080111142901961_S44040_I87106,87106,1510.3601,1683.5962,508.159,257.929,213.016,46.1962,658.296,356.738,281.027,247.663,23.0981,601.834
ADNI_023_S_1262_MR_MPR-R__GradWarp__B1_Correction__N3__Scaled_2_Br_20081001160446675_S27243_I118924,118924,1715.5084,1791.1403,553.429,260.508,230.495,66.0273,680.681,528.218,296.522,207.686,30.0124,653.07
ADNI_027_S_1082_MR_MPR__GradWarp__B1_Correction__N3__Scaled_Br_20071229182514433_S43354_I86377,86377,1914.434,1944.6102,613.198,271.594,266.765,61.5612,731.492,567.329,275.215,261.937,28.97,780.983
ADNI_027_S_0404_MR_MPR__GradWarp__B1_Correction__N3__Scaled_Br_20061222193516770_S14494_I34195,34195,1500.9212,1308.6475,412.182,163.431,200.683,45.6645,486.687,454.242,243.945,203.087,19.2272,580.42
ADNI_023_S_0926_MR_MPR__GradWarp__B1_Correction__N3__Scaled_Br_20071113181008708_S41848_I81937,81937,2078.5042,1977.4077,610.192,308.105,310.512,60.1767,688.422,612.599,373.096,288.848,22.8672,781.094
ADNI_018_S_0633_MR_MPR____N3__Scaled_Br_20070101223315779_S16900_I35039,35039,1894.4412,1696.1145,530.492,237.261,199.543,51.1025,677.716,566.994,306.615,250.645,25.5512,744.636
ADNI_023_S_0604_MR_MPR-R__GradWarp__B1_Correction__N3__Scaled_Br_20070802173458625_S33372_I64077,64077,2348.5987,2142.5397,732.657,255.466,285.592,30.1257,838.699,725.427,366.328,314.512,28.9207,913.411
ADNI_023_S_1190_MR_MPR__GradWarp__B1_Correction__N3__Scaled_Br_20070918125124574_S35151_I73600,73600,2142.4304,2190.9296,677.77,306.754,303.117,73.9606,829.328,596.534,352.828,298.267,60.6234,834.178
ADNI_100_S_0190_MR_MPR____N3__Scaled_Br_20080302104815570_S22671_I94820,94820,1739.4727,1564.301,497.342,199.672,247.446,66.149,553.692,536.542,251.121,309.92,18.3747,623.515
ADNI_002_S_0413_MR_MPR____N3__Scaled_2_Br_20081124142730828_S22683_I128346,128346,2126.0333,2104.266,645.792,322.896,291.453,55.63,788.495,626.442,368.851,272.103,29.0243,829.613
ADNI_018_S_0335_MR_MPR____N3__Scaled_Br_20071110113402311_S32509_I81373,81373,2174.7558,1915.6269,577.594,277.294,277.294,23.0069,760.438,652.669,354.79,293.035,13.3198,860.942
ADNI_018_S_0450_MR_MPR____N3__Scaled_Br_20070101221702956_S15825_I35029,35029,1653.6543,1826.4424,567.037,244.58,293.253,70.5754,650.997,496.461,287.169,216.593,18.2523,635.179
ADNI_136_S_0429_MR_MPR____N3__Scaled_2_Br_20081008134614922_S15882_I119733,119733,2253.6298,2283.808,671.14,339.191,342.813,111.052,819.612,654.241,432.137,299.357,38.6268,829.268
ADNI_130_S_0886_MR_MPR____N3__Scaled_Br_20070807123258164_S29553_I65514,65514,1888.5791,1746.9663,518.84,260.031,296.655,72.0273,599.413,559.127,313.746,297.875,61.0401,656.791
ADNI_130_S_1337_MR_MPR____N3__Scaled_Br_20070807124026176_S28790_I65520,65520,1658.4398,1560.8124,494.237,328.271,197.695,23.1864,517.423,514.983,358.779,195.254,24.4068,565.017
ADNI_136_S_0086_MR_MPR____N3__Scaled_2_Br_20081008132340839_S14069_I119685,119685,1959.5455,1931.776,592.814,297.01,281.315,47.087,713.55,559.008,348.927,292.181,21.7325,737.697
ADNI_136_S_0194_MR_MPR____N3__Scaled_Br_20081022120746404_S20341_I122703,122703,1385.1036,1606.0917,521.678,201.667,271.707,71.2477,539.792,398.504,239.102,206.498,21.7366,519.263
ADNI_127_S_0844_MR_MPR__GradWarp__B1_Correction__N3__Scaled_Br_20071127181826334_S22284_I83521,83521,1548.5458,1528.1029,475.296,218.483,201.873,60.0509,572.4,467.63,222.316,226.149,16.6098,615.841
ADNI_127_S_0622_MR_MPR__GradWarp__B1_Correction__N3__Scaled_Br_20080220143539428_S23999_I91113,91113,1673.6004,1745.087,564.249,213.189,270.635,39.574,657.44,464.676,238.721,303.827,29.3614,637.015
ADNI_130_S_0423_MR_MPR____N3__Scaled_Br_20070926115901720_S38092_I75327,75327,1847.8811,1596.4531,511.402,284.383,208.711,46.3801,545.577,611.485,299.03,268.516,23.1901,645.66
ADNI_032_S_0677_MR_MPR__GradWarp__B1_Correction__N3__Scaled_Br_20070917105517823_S35547_I73347,73347,2373.8139,2467.4658,721.63,327.795,336.2,68.4408,1013.4,606.361,320.591,395.035,63.6379,988.189
ADNI_067_S_0607_MR_MPR__GradWarp__B1_Correction__N3__Scaled_Br_20061229190754863_S18034_I34866,34866,1846.5662,1981.6217,597.924,306.943,290.982,71.2107,714.562,514.436,276.248,277.476,41.7442,736.662
ADNI_051_S_1123_MR_MPR-R__GradWarp__B1_Correction__N3__Scaled_Br_20080229175627316_S45804_I94563,94563,1641.9907,1752.4179,526.926,242.458,231.655,62.4149,688.964,420.1,261.662,298.871,32.4077,628.95
ADNI_023_S_1247_MR_MPR__GradWarp__B1_Correction__N3__Scaled_Br_20080116083958100_S36944_I87528,87528,1839.4833,1781.3177,553.784,247.203,264.168,56.9537,659.209,540.454,328.393,275.074,42.4123,653.15
ADNI_027_S_0403_MR_MPR__GradWarp__B1_Correction__N3__Scaled_Br_20070813143207736_S32184_I67380,67380,2227.8224,2156.8871,703.333,292.154,282.535,48.0911,830.774,625.185,363.088,318.604,36.0684,884.877
ADNI_023_S_1190_MR_MPR__GradWarp__B1_Correction__N3__Scaled_2_Br_20081001160151605_S25153_I118920,118920,2084.2025,2203.4027,674.265,301.011,279.339,97.5277,851.26,586.37,338.337,297.399,66.2225,795.874
ADNI_023_S_0058_MR_MPR__GradWarp__B1_Correction__N3__Scaled_Br_20061130135622775_S15504_I30979,30979,2268.4727,2210.5536,655.202,364.404,296.832,77.2246,816.891,674.509,407.842,306.485,47.0587,832.578
ADNI_023_S_1046_MR_MPR__GradWarp__B1_Correction__N3__Scaled_Br_20070427201702633_S22606_I52107,52107,2505.0353,2478.4642,762.14,358.725,349.062,41.0662,967.471,793.543,427.571,280.216,19.3253,984.38
ADNI_023_S_1126_MR_MPR__GradWarp__B1_Correction__N3__Scaled_Br_20080302124111638_S43059_I94863,94863,1713.7162,1789.4803,532.755,239.319,269.384,20.4443,727.578,456.991,259.763,224.888,36.0782,735.996
ADNI_023_S_0061_MR_MPR__GradWarp__B1_Correction__N3__Scaled_2_Br_20081001152820870_S23481_I118858,118858,1924.094,2032.4598,624.909,331.118,302.22,71.0398,703.173,585.175,339.546,275.731,37.326,686.316
ADNI_023_S_0031_MR_MPR__GradWarp__B1_Correction__N3__Scaled_Br_20071113171515548_S13261_I81856,81856,2119.7149,1926.2452,604.597,287.788,268.441,70.1332,695.286,660.219,370.013,338.574,49.5769,701.332
ADNI_023_S_0031_MR_MPR-R__GradWarp__B1_Correction__N3__Scaled_Br_20070427181838920_S10009_I51934,51934,2111.6255,1929.0049,595.028,283.001,266.07,73.7739,711.132,638.567,370.079,333.796,45.9575,723.226
ADNI_021_S_0332_MR_MPR-R__GradWarp__B1_Correction__N3__Scaled_Br_20071110113958360_S20377_I81382,81382,1508.929,1640.9748,513.78,199.27,285.7,70.8248,571.4,442.955,200.47,232.882,22.808,609.814
ADNI_023_S_0030_MR_MPR__GradWarp__B1_Correction__N3__Scaled_Br_20061204153813354_S8908_I31623,31623,1681.8351,1588.8008,509.866,238.018,239.226,66.4518,535.239,501.409,275.473,235.602,45.9121,623.439
ADNI_018_S_0369_MR_MPR____N3__Scaled_2_Br_20081001133930148_S14343_I118773,118773,2162.8432,2096.8948,625.283,306.535,311.42,85.4878,768.169,646.044,424.997,262.57,53.7352,775.497
ADNI_012_S_1321_MR_MPR____N3__Scaled_Br_20080501161824168_S47360_I104466,104466,1987.4077,2187.9722,725.677,305.101,311.178,65.6392,780.377,626.003,311.178,275.928,35.2507,739.048
ADNI_005_S_0814_MR_MPR__GradWarp__B1_Correction__N3__Scaled_Br_20070923123736255_S19117_I74600,74600,1722.0948,1837.0699,572.347,252.692,317.128,65.6999,629.203,520.545,252.692,281.751,21.4788,645.628
ADNI_018_S_0369_MR_MPR____N3__Scaled_Br_20070123180135564_S14343_I37190,37190,2137.5522,2105.9214,638.711,305.365,298.065,97.3274,766.453,630.195,423.374,253.051,55.9632,774.969
ADNI_005_S_0324_MR_MPR__GradWarp__B1_Correction__N3__Scaled_Br_20070828100626599_S31973_I70611,70611,1423.9079,1565.4155,495.273,248.9,199.625,37.9035,583.714,381.562,233.738,227.421,27.7959,553.391
ADNI_016_S_1326_MR_MPR__GradWarp__B1_Correction__N3__Scaled_Br_20071229180439589_S29365_I86345,86345,2176.1006,2369.1312,746.948,314.126,346.497,70.7382,890.822,652.231,369.278,300.937,35.9686,817.686
ADNI_100_S_0015_MR_MPR-R____N3__Scaled_Br_20061213152010603_S13884_I33041,33041,2022.1632,2101.7755,665.072,290.28,304.978,74.7135,766.732,556.064,292.73,339.273,50.2172,783.879
ADNI_116_S_1249_MR_MPR-R__GradWarp__B1_Correction__N3__Scaled_Br_20070508161406653_S27351_I53845,53845,1961.2239,1840.9046,537.833,279.144,292.379,62.5666,668.982,540.239,305.614,332.085,75.8019,707.484
ADNI_082_S_1256_MR_MPR__GradWarp__B1_Correction__N3__Scaled_Br_20080320172203425_S46567_I99095,99095,1854.5465,1833.9128,532.818,273.084,267.016,71.6088,689.386,480.628,297.359,311.923,72.8225,691.814
ADNI_116_S_0752_MR_MPR__GradWarp__B1_Correction__N3__Scaled_Br_20080207103351676_S26819_I89764,89764,1672.758,1708.8862,538.317,208.342,279.395,38.5372,644.295,528.683,267.352,244.471,16.86,615.392
ADNI_116_S_0487_MR_MPR-R__GradWarp__B1_Correction__N3__Scaled_Br_20080206164235976_S24460_I89666,89666,1831.2154,1773.3494,531.643,242.314,311.029,56.6604,631.703,502.71,273.658,341.168,27.7274,685.952
ADNI_128_S_1088_MR_MPR__GradWarp__B1_Correction__N3__Scaled_Br_20080215173247758_S25249_I90614,90614,1917.3805,1907.665,570.721,321.789,233.146,48.572,733.437,597.436,349.718,257.432,18.2145,694.58
ADNI_136_S_0300_MR_MPR-R____N3__Scaled_Br_20070215211009479_S15349_I40352,40352,1971.9295,2119.463,645.315,291.471,332.253,81.564,768.86,542.161,352.644,333.453,39.5825,704.089
ADNI_136_S_0429_MR_MPR____N3__Scaled_Br_20070215221039819_S15882_I40392,40392,2236.9292,2281.308,676.476,328.643,346.634,104.35,825.205,666.881,425.796,287.862,37.1822,819.208
ADNI_136_S_0195_MR_MPR____N3__Scaled_2_Br_20081008133704276_S19574_I119723,119723,1916.8223,2160.8029,636.525,321.282,417.908,28.9879,756.1,512.119,333.36,353.894,12.0783,705.371
ADNI_136_S_1227_MR_MPR____N3__Scaled_Br_20080321160112071_S46753_I99265,99265,1958.4098,1991.396,605.971,296.877,305.429,68.416,714.703,554.659,327.42,302.985,61.0858,712.26
ADNI_094_S_1241_MR_MPR__GradWarp__B1_Correction__N3__Scaled_Br_20080410144102453_S47205_I102085,102085,2191.9811,2277.9892,695.438,405.467,287.513,50.3762,839.195,602.058,458.301,256.796,23.3451,851.481
ADNI_032_S_1101_MR_MPR__GradWarp__B1_Correction__N3__Scaled_Br_20080313102947435_S43475_I97069,97069,1610.0611,1674.8964,519.878,242.53,250.934,62.4334,599.121,467.05,264.141,220.918,30.0161,627.936
ADNI_053_S_0507_MR_MPR____N3__Scaled_2_Br_20081003141216462_S33392_I119158,119158,1834.0279,1813.4203,533.359,259.406,303.045,76.3673,641.243,524.874,269.104,316.379,40.0019,683.669
ADNI_116_S_0382_MR_MPR__GradWarp__B1_Correction__N3__Scaled_Br_20070508153859326_S15735_I53802,53802,2225.4387,2185.6553,693.189,326.703,333.936,84.3883,747.439,679.928,318.264,353.225,69.9217,804.1
ADNI_116_S_1232_MR_MPR-R__GradWarp__B1_Correction__N3__Scaled_Br_20070508160617696_S27150_I53836,53836,2190.1426,2227.4489,663.06,358.606,303.251,92.6599,809.872,595.671,401.927,339.352,56.5586,796.634
ADNI_027_S_1385_MR_MPR__GradWarp__B1_Correction__N3__Scaled_Br_20070807092416718_S28972_I65374,65374,1337.8474,1299.3828,400.272,223.576,191.121,49.2828,435.131,373.828,265.646,189.919,24.0404,484.414
ADNI_031_S_1209_MR_MPR__GradWarp__B1_Correction__N3__Scaled_Br_20080220104120930_S25948_I90925,90925,1855.694,1896.8509,578.618,274.783,283.257,82.3139,677.879,588.302,355.886,246.942,16.947,647.617
ADNI_027_S_1387_MR_MPR__GradWarp__B1_Correction__N3__Scaled_Br_20070402182606620_S28276_I47757,47757,1953.53147,1942.7196,619.94,251.1,335.2,15.6186,720.861,573.084,313.574,311.171,9.61147,746.091
ADNI_027_S_1082_MR_MPR__GradWarp__B1_Correction__N3__Scaled_Br_20071229181854530_S32962_I86368,86368,1879.0185,1934.3174,617.924,265.683,254.863,73.3334,722.514,545.793,282.514,262.077,22.8415,765.793
ADNI_027_S_1277_MR_MPR__GradWarp__B1_Correction__N3__Scaled_Br_20070327171106769_S27297_I47237,47237,2354.1771,2432.2885,745.069,337.684,330.474,80.5155,938.546,591.248,435.024,378.543,30.0431,919.319
ADNI_023_S_0139_MR_MPR__GradWarp__B1_Correction__N3__Scaled_Br_20061201152812262_S17389_I31326,31326,1473.3188,1595.1913,488.693,255.81,220.817,50.6793,579.192,393.368,290.802,215.99,14.4798,558.679
ADNI_023_S_1126_MR_MPR__GradWarp__B1_Correction__N3__Scaled_Br_20080131110911868_S33939_I89071,89071,1693.2736,1775.1091,531.931,235.879,270.779,31.2901,705.23,444.078,249.117,240.693,30.0866,729.299
ADNI_023_S_0331_MR_MPR__GradWarp__B1_Correction__N3__Scaled_Br_20071115091731894_S19679_I82171,82171,1759.7049,1603.9035,491.558,328.51,188.41,37.4405,557.985,524.167,375.613,227.059,25.3629,607.503
ADNI_023_S_0604_MR_MPR-R__GradWarp__B1_Correction__N3__Scaled_2_Br_20081002104356385_S33372_I119006,119006,2357.503,2144.6051,758.971,256.198,277.848,43.3011,808.287,732.51,362.045,313.933,25.259,923.756
ADNI_023_S_0855_MR_MPR__GradWarp__B1_Correction__N3__Scaled_Br_20070805133133005_S28183_I64818,64818,1839.6634,1908.2441,620.841,288.763,244.246,54.1431,700.251,514.961,326.062,273.122,22.8604,702.658
ADNI_005_S_0553_MR_MPR__GradWarp__B1_Correction__N3__Scaled_Br_20070904174642851_S33606_I71312,71312,2360.7875,2563.1034,782.714,323.707,407.163,77.1334,972.386,716.961,346.468,393.254,32.8765,871.228
ADNI_023_S_0031_MR_MPR__GradWarp__B1_Correction__N3__Scaled_2_Br_20081001151607992_S13261_I118842,118842,2126.3088,1888.8466,593.052,280.856,268.802,69.9126,676.224,656.938,364.028,336.304,51.8318,717.207
ADNI_023_S_0331_MR_MPR__GradWarp__B1_Correction__N3__Scaled_Br_20070808173645065_S13168_I66018,66018,1716.3579,1566.4785,500.403,319.098,181.305,26.5915,539.081,526.994,366.237,200.645,29.0089,593.473
ADNI_005_S_0814_MR_MPR__GradWarp__B1_Correction__N3__Scaled_Br_20071219103854028_S43028_I85469,85469,1756.7976,1875.3175,592.595,261.73,324.693,50.6175,645.682,548.151,251.853,267.902,27.1606,661.731
ADNI_018_S_0425_MR_MPR____N3__Scaled_Br_20070808163439425_S33626_I65952,65952,2341.2888,2511.9841,729.989,354.704,450.341,65.3721,911.578,647.668,357.125,399.496,42.3708,894.629
ADNI_002_S_1280_MR_MPR____N3__Scaled_Br_20070808154151968_S27230_I65874,65874,1950.6165,1872.447,566.742,298.028,268.714,57.407,681.556,614.377,302.914,316.349,32.9785,683.998
ADNI_018_S_0369_MR_MPR____N3__Scaled_Br_20070828110545014_S30432_I70680,70680,2083.3701,2212.2146,661.233,343.987,325.755,61.9906,819.249,617.475,410.84,260.117,41.3271,753.611
ADNI_007_S_1206_MR_MPR__GradWarp__B1_Correction__N3__Scaled_Br_20070713113644677_S25703_I59955,59955,2438.2237,2347.4115,702.855,379.417,334.634,70.9075,859.598,724.003,442.861,339.61,47.2717,884.478
ADNI_002_S_0413_MR_MPR____N3__Scaled_2_Br_20081001114937668_S14782_I118675,118675,2167.3319,2105.9927,659.1,307.901,282.643,69.7587,786.59,617.004,375.254,282.643,32.4739,859.957
ADNI_002_S_1268_MR_MPR____N3__Scaled_Br_20080224140707056_S39740_I92226,92226,2226.8589,2231.7303,674.511,359.171,326.298,53.5713,818.179,630.68,381.086,357.953,36.5259,820.614
ADNI_128_S_1148_MR_MPR__GradWarp__B1_Correction__N3__Scaled_Br_20080225183911605_S44724_I92619,92619,2037.9031,1978.7113,614.874,270.593,315.289,70.0643,707.891,591.922,295.961,311.665,32.6161,805.739
ADNI_136_S_0184_MR_MPR____N3__Scaled_2_Br_20081008132905229_S18601_I119714,119714,1935.9687,1857.5145,560.031,276.394,275.187,79.6595,666.243,586.584,317.431,301.741,42.2437,687.969
ADNI_136_S_0300_MR_MPR____N3__Scaled_Br_20070809231204041_S32709_I66768,66768,1927.2821,2078.6314,651.785,286.834,317.348,75.6754,746.989,526.066,333.216,328.334,36.6171,703.049
ADNI_136_S_0429_MR_MPR____N3__Scaled_Br_20071127184003417_S33730_I83549,83549,2196.8873,2243.266,663.948,346.62,323.431,100.08,809.187,637.097,427.173,292.918,35.3943,804.305
ADNI_082_S_0928_MR_MPR__GradWarp__B1_Correction__N3__Scaled_Br_20080302102520454_S41778_I94789,94789,1637.7892,1875.9249,583.189,261.22,268.51,60.7489,702.257,483.561,256.36,253.93,46.1692,597.769
ADNI_128_S_1148_MR_MPR__GradWarp__B1_Correction__N3__Scaled_Br_20090313114921573_S35083_I138867,138867,2094.1197,1931.9144,588.29,274.777,284.461,75.0494,709.337,612.5,314.723,291.724,58.1027,817.07
ADNI_037_S_1225_MR_MPR-R__GradWarp__B1_Correction__N3__Scaled_Br_20070921165941797_S37876_I74315,74315,1672.4006,1558.8151,466.436,204.217,229.593,35.0431,623.526,506.312,269.469,212.675,30.2096,653.735
ADNI_037_S_0501_MR_MPR-R__GradWarp__B1_Correction__N3__Scaled_Br_20071030163828841_S15805_I79784,79784,1758.598,1900.6339,612.681,243.146,272.035,67.4069,705.365,504.348,247.961,268.424,58.981,678.884
ADNI_067_S_1253_MR_MPR-R__GradWarp__B1_Correction__N3__Scaled_Br_20080522133451975_S50069_I106507,106507,2192.8127,2197.6546,659.902,331.767,296.653,73.8606,835.472,647.794,355.984,324.502,44.8007,819.732
ADNI_032_S_0677_MR_MPR__GradWarp__B1_Correction__N3__Scaled_Br_20080220105435721_S19889_I90942,90942,2398.3556,2503.9842,733.431,336.106,327.703,76.8242,1029.92,628.998,326.503,416.531,58.8186,967.505
ADNI_027_S_0307_MR_MPR__GradWarp__B1_Correction__N3__Scaled_Br_20070808172558926_S31552_I66009,66009,2007.0584,2104.465,677.037,242.915,299.435,80.571,804.507,541.148,275.384,339.12,68.5454,782.861
ADNI_023_S_0916_MR_MPR__GradWarp__B1_Correction__N3__Scaled_2_Br_20081001154427033_S30560_I118881,118881,1875.1997,2066.6947,646.745,295.07,297.479,71.0577,756.343,592.549,279.413,263.756,25.2917,714.19
ADNI_023_S_1262_MR_MPR__GradWarp__B1_Correction__N3__Scaled_Br_20080421163348281_S47824_I103276,103276,1720.2046,1798.0699,590.572,244.375,235.989,57.4999,669.634,542.655,288.697,209.635,33.5416,645.676
ADNI_023_S_0855_MR_MPR__GradWarp__B1_Correction__N3__Scaled_2_Br_20081002102412121_S19011_I118987,118987,1845.7502,1915.5825,612.842,301.003,237.19,50.5685,713.979,500.869,327.491,280.535,19.2642,717.591
ADNI_023_S_0916_MR_MPR__GradWarp__B1_Correction__N3__Scaled_Br_20061203143925761_S19523_I31540,31540,1926.9757,2097.216,650.777,289.771,319.955,79.687,757.026,592.823,294.6,284.941,27.7697,726.842
ADNI_023_S_1126_MR_MPR__GradWarp__B1_Correction__N3__Scaled_2_Br_20081001160020403_S33939_I118918,118918,1705.842,1753.8926,524.967,227.045,272.694,22.8246,706.362,472.11,246.266,239.058,32.435,715.973
ADNI_023_S_0855_MR_MPR__GradWarp__B1_Correction__N3__Scaled_Br_20061203140559204_S19011_I31518,31518,1855.1329,1914.3143,608.716,292.28,247.593,50.7263,714.999,514.51,322.474,285.033,26.5709,706.545
ADNI_023_S_0030_MR_MPR-R__GradWarp__B1_Correction__N3__Scaled_Br_20090312152026543_S20029_I138580,138580,1606.2079,1558.0471,479.214,242.015,220.342,67.4271,549.049,492.458,268.504,228.77,19.2649,597.211
ADNI_005_S_0553_MR_MPR__GradWarp__B1_Correction__N3__Scaled_Br_20061212135745131_S15928_I32755,32755,2359.4188,2544.1032,763.859,332.932,386.955,76.6372,983.72,692.247,322.881,420.876,42.7158,880.699
ADNI_005_S_0553_MR_MPR__GradWarp__B1_Correction__N3__Scaled_Br_20070816103623576_S24693_I67899,67899,2393.6404,2585.9421,770.469,347.913,401.049,83.4991,983.012,719.863,350.443,385.867,40.4844,896.983
ADNI_005_S_0324_MR_MPR-R__GradWarp__B1_Correction__N3__Scaled_Br_20061212142345901_S13664_I32777,32777,1486.5379,1565.8354,489.638,246.707,207.687,41.5374,580.266,409.081,249.225,231.603,26.4329,570.196
ADNI_002_S_1280_MR_MPR____N3__Scaled_Br_20080501162136568_S47415_I104471,104471,1935.6447,1879.5379,567.155,302.482,264.672,51.2269,694.002,578.132,309.801,300.043,40.2497,707.419
ADNI_002_S_0559_MR_MPR-R____N3__Scaled_Br_20071115083403092_S41825_I82102,82102,2506.0019,2241.3795,676.804,368.279,279.258,71.9485,845.09,775.58,431.691,309.744,20.7309,968.256
ADNI_002_S_0413_MR_MPR____N3__Scaled_Br_20070804124954957_S32945_I64551,64551,2109.2089,2160.4738,645.701,340.549,289.284,72.0158,812.924,567.582,383.271,284.401,21.9709,851.984
ADNI_136_S_0086_MR_MPR____N3__Scaled_Br_20070815111150885_S31407_I67781,67781,1911.6925,1911.692,596.565,286.693,275.713,40.259,712.462,550.206,325.732,281.813,20.7395,733.202
ADNI_067_S_1253_MR_MPR__GradWarp__B1_Correction__N3__Scaled_Br_20080111161437659_S29241_I87150,87150,2300.8559,2274.2423,665.337,343.556,308.474,88.3083,868.567,672.595,376.218,354.443,61.6949,835.905
ADNI_052_S_1250_MR_MPR__GradWarp__B1_Correction__N3__Scaled_Br_20070727110257945_S27259_I62261,62261,1938.0344,2111.3741,634.375,288.9,305.752,71.0211,811.326,538.075,297.326,318.993,60.1874,723.453
ADNI_116_S_0382_MR_MPR__GradWarp__B1_Correction__N3__Scaled_Br_20080206162755841_S23227_I89644,89644,2226.2469,2185.2669,690.655,312.181,337.493,86.7839,758.154,681.012,324.234,337.493,50.6239,832.884
ADNI_094_S_1241_MR_MPR__GradWarp__B1_Correction__N3__Scaled_Br_20070927173248784_S38450_I75660,75660,2209.1789,2219.0791,654.709,394.805,263.616,60.6441,845.305,613.867,469.064,261.141,30.9409,834.166
ADNI_127_S_0844_MR_MPR__GradWarp__B1_Correction__N3__Scaled_Br_20071119095745044_S42006_I82651,82651,1533.048,1559.8756,493.13,224.847,215.904,67.7096,558.285,485.465,214.627,219.737,16.608,596.611
ADNI_128_S_1088_MR_MPR__GradWarp__B1_Correction__N3__Scaled_Br_20090313113133314_S35267_I138858,138858,1953.9509,1910.3679,593.207,311.131,249.389,42.3719,714.269,591.996,366.82,253.021,13.3169,728.797
ADNI_128_S_1088_MR_MPR__GradWarp__B1_Correction__N3__Scaled_Br_20080223182734451_S45401_I91990,91990,1909.5485,1936.121,612.36,316.446,243.978,44.689,718.648,578.541,363.551,253.64,15.7015,698.115
ADNI_067_S_0607_MR_MPR-R__GradWarp__B1_Correction__N3__Scaled_Br_20090313104940015_S37331_I138844,138844,1784.6601,1923.8958,575.11,297.847,284.528,71.4348,694.976,484.304,257.892,273.632,54.4841,714.348
ADNI_027_S_1081_MR_MPR__GradWarp__B1_Correction__N3__Scaled_Br_20070920171926349_S37477_I73937,73937,1860.4278,1977.0042,615.335,242.769,275.218,81.7242,761.958,564.859,272.815,308.869,28.8438,685.041
ADNI_032_S_1101_MR_MPR__GradWarp__B1_Correction__N3__Scaled_Br_20080220110810635_S25579_I90976,90976,1605.5142,1697.9794,529.568,244.97,240.167,69.6484,613.626,475.53,272.589,214.949,27.6192,614.827
ADNI_116_S_1232_MR_MPR__GradWarp__B1_Correction__N3__Scaled_Br_20080223173022273_S45145_I91912,91912,2200.8365,2180.3353,641.559,341.28,300.279,71.1503,826.067,587.292,405.195,346.104,68.7385,793.507
ADNI_067_S_1253_MR_MPR__GradWarp__B1_Correction__N3__Scaled_Br_20071101182438287_S39399_I80303,80303,2268.0506,2206.4913,657.843,323.49,293.314,76.0443,855.8,663.879,370.565,353.666,60.3526,819.588
ADNI_027_S_0417_MR_MPR-R__GradWarp__B1_Correction__N3__Scaled_Br_20070327131503950_S22485_I47085,47085,2657.8025,2228.8885,726.497,278.31,344.574,33.7345,845.773,737.34,431.32,389.152,27.7105,1072.28
ADNI_027_S_0404_MR_MPR__GradWarp__B1_Correction__N3__Scaled_Br_20070330090919362_S22840_I47545,47545,1460.1053,1298.6748,399.963,163.84,206.005,54.2118,474.655,454.175,234.918,199.981,19.2753,551.756
ADNI_023_S_0388_MR_MPR__GradWarp__B1_Correction__N3__Scaled_2_Br_20081001152646586_S14001_I118856,118856,2199.7912,2658.287,831.541,361.016,376.66,74.61,1014.46,677.507,385.084,299.643,34.8982,802.659
ADNI_023_S_0963_MR_MPR__GradWarp__B1_Correction__N3__Scaled_Br_20071115093426943_S41289_I82205,82205,2545.1118,2378.9698,698.281,340.713,351.548,91.4988,896.929,759.681,439.435,331.081,38.5258,976.389
ADNI_023_S_0625_MR_MPR__GradWarp__B1_Correction__N3__Scaled_2_Br_20081002103802372_S27236_I118998,118998,2510.4784,2584.9172,841.629,331.369,399.804,39.6202,972.495,702.358,388.998,429.819,26.4134,962.89
ADNI_023_S_0139_MR_MPR__GradWarp__B1_Correction__N3__Scaled_Br_20061201150450460_S11490_I31313,31313,1501.804,1640.6374,490.139,254.727,236.619,62.7764,596.376,395.974,283.701,234.204,25.352,562.573
ADNI_023_S_0963_MR_MPR-R__GradWarp__B1_Correction__N3__Scaled_2_Br_20081001154938503_S20204_I118904,118904,2557.6673,2404.736,699.625,354.027,346.802,96.334,907.948,756.222,434.707,335.965,43.3503,987.423
ADNI_023_S_0963_MR_MPR-R__GradWarp__B1_Correction__N3__Scaled_Br_20080208105725529_S20204_I90026,90026,2568.0674,2415.8677,713.889,346.677,343.053,96.6347,915.614,744.087,445.728,341.845,47.1094,989.298
ADNI_023_S_0078_MR_MPR__GradWarp__B1_Correction__N3__Scaled_2_Br_20081001153511736_S24992_I118867,118867,2137.0725,2143.0922,685.067,346.748,281.732,63.8112,765.734,652.56,394.907,274.508,36.1195,778.978
ADNI_023_S_0625_MR_MPR__GradWarp__B1_Correction__N3__Scaled_Br_20070427200838628_S27236_I52098,52098,2488.5903,2606.5784,837.958,339.517,386.472,50.5664,992.065,711.542,391.288,431.018,21.6713,933.071
ADNI_023_S_0388_MR_MPR-R__GradWarp__B1_Correction__N3__Scaled_2_Br_20081001153259484_S22184_I118864,118864,2229.4772,2670.0733,793.318,365.962,391.242,85.4713,1034.08,684.974,379.204,294.936,32.5032,837.86
ADNI_023_S_1190_MR_MPR__GradWarp__B1_Correction__N3__Scaled_Br_20070427203443094_S25153_I52129,52129,2087.3745,2184.012,669.216,299.577,287.497,83.35,844.372,583.45,337.024,303.201,62.8145,800.885
ADNI_023_S_0139_MR_MPR__GradWarp__B1_Correction__N3__Scaled_2_Br_20081002104451084_S17389_I119007,119007,1490.5888,1592.8485,490.848,251.439,211.738,52.9345,585.889,399.415,288.734,223.769,15.6398,563.031
ADNI_023_S_0031_MR_MPR-R__GradWarp__B1_Correction__N3__Scaled_Br_20080207172633013_S21475_I89933,89933,2050.4059,1858.4062,597.733,278.942,281.357,65.2072,635.167,643.62,340.527,315.168,55.5469,695.544
ADNI_002_S_1070_MR_MPR____N3__Scaled_Br_20071227094032049_S43530_I86231,86231,2494.349,2641.8609,805.847,382.808,345.014,81.6819,1026.51,704.659,364.521,380.369,28.04,1016.76
ADNI_018_S_0406_MR_MPR____N3__Scaled_Br_20070101220659180_S15863_I35024,35024,1894.688,2001.7728,635.213,270.148,250.678,54.7598,790.974,524.477,327.342,261.63,20.687,760.552
ADNI_136_S_0579_MR_MPR-R____N3__Scaled_2_Br_20081008134806053_S16545_I119735,119735,1967.886,2002.899,606.061,324.762,272.848,70.023,729.205,532.416,351.322,290.957,57.95,735.241
ADNI_082_S_1256_MR_MPR__GradWarp__B1_Correction__N3__Scaled_Br_20071106102309794_S41769_I80880,80880,1820.2839,1837.2063,542.701,269.537,261.077,72.5213,691.37,488.31,286.459,293.711,66.4779,685.326
ADNI_116_S_0649_MR_MPR__GradWarp__B1_Correction__N3__Scaled_Br_20070731185839496_S18687_I63508,63508,1725.3947,1487.8656,475.056,197.739,245.968,59.0806,510.022,516.051,248.38,276.111,40.9947,643.858
ADNI_082_S_0928_MR_MPR__GradWarp__B1_Correction__N3__Scaled_Br_20080613155656393_S50794_I109546,109546,1576.7601,1853.4478,592.04,259.773,265.814,48.3298,687.491,465.174,241.649,244.066,39.8721,585.999
ADNI_127_S_0622_MR_MPR__GradWarp__B1_Correction__N3__Scaled_Br_20070910193313383_S34177_I72352,72352,1719.6161,1669.8282,502.991,214.473,277.028,37.0222,638.314,491.501,254.049,279.581,30.6391,663.846
ADNI_136_S_0184_MR_MPR____N3__Scaled_2_Br_20081008132712063_S12474_I119712,119712,1927.0101,1837.6062,538.838,277.876,282.709,55.5752,682.608,606.495,314.121,285.125,62.8241,658.445
ADNI_136_S_0426_MR_MPR____N3__Scaled_Br_20070215213410384_S15017_I40378,40378,2432.4848,2725.1497,895.989,386.223,388.622,31.1857,1023.13,707.676,421.007,387.422,17.9918,898.388
ADNI_037_S_1225_MR_MPR__GradWarp__B1_Correction__N3__Scaled_Br_20080223124617062_S45505_I91708,91708,1669.1785,1546.1614,478.804,203.823,223.12,31.3574,609.057,496.894,250.859,248.447,33.7695,639.209
ADNI_051_S_1072_MR_MPR-R__GradWarp__B1_Correction__N3__Scaled_Br_20071031142611645_S39333_I79989,79989,2259.1605,2333.3484,701.201,313.506,315.9,92.1374,910.604,655.731,428.379,318.293,33.5045,823.253
ADNI_027_S_1277_MR_MPR__GradWarp__B1_Correction__N3__Scaled_Br_20080229160633028_S45806_I94458,94458,2328.5727,2359.8595,723.241,328.527,327.324,80.6275,900.14,577.63,399.528,405.545,26.4747,919.395
ADNI_027_S_0835_MR_MPR__GradWarp__B1_Correction__N3__Scaled_Br_20070109231952406_S19496_I35653,35653,2131.0199,2002.0518,655.699,295.306,251.914,50.6238,748.509,656.904,364.009,239.86,36.1599,834.087
ADNI_023_S_1262_MR_MPR-R__GradWarp__B1_Correction__N3__Scaled_Br_20070805140940607_S27243_I64862,64862,1714.9142,1812.3917,554.789,271.979,246.707,63.7827,675.134,528.314,285.217,214.214,30.0862,657.083
ADNI_027_S_1277_MR_MPR__GradWarp__B1_Correction__N3__Scaled_Br_20080116085402143_S37959_I87556,87556,2316.2081,2405.1085,746.04,344.788,347.191,73.2825,893.807,559.83,410.863,398.849,27.6311,919.035
ADNI_023_S_0376_MR_MPR__GradWarp__B1_Correction__N3__Scaled_2_Br_20081001152231786_S28518_I118851,118851,2072.7234,1938.2236,559.611,295.417,313.43,85.2626,684.503,611.249,355.461,279.806,46.8344,779.373
ADNI_023_S_0061_MR_MPR__GradWarp__B1_Correction__N3__Scaled_Br_20061130182551088_S10633_I31107,31107,1909.8408,2065.6717,632.989,344.279,298.375,64.0237,726.005,576.214,350.319,264.551,41.0718,677.685
ADNI_023_S_0331_MR_MPR__GradWarp__B1_Correction__N3__Scaled_2_Br_20081002113615467_S13168_I119018,119018,1708.6706,1567.6866,504.889,327.756,175.928,30.1246,528.989,530.194,361.496,200.028,30.1246,586.828
ADNI_023_S_0139_MR_MPR__GradWarp__B1_Correction__N3__Scaled_2_Br_20081002100947286_S11490_I118972,118972,1495.2799,1623.9971,490.808,255.028,235.78,56.5391,585.842,394.571,285.102,232.171,32.4799,550.956
ADNI_023_S_0078_MR_MPR__GradWarp__B1_Correction__N3__Scaled_Br_20070427185234425_S16570_I51989,51989,2149.7219,2123.1815,662.288,346.223,283.493,69.9685,761.209,649.018,412.573,276.255,33.7779,778.098
ADNI_023_S_1247_MR_MPR__GradWarp__B1_Correction__N3__Scaled_Br_20070427204139431_S26861_I52138,52138,1774.7021,1759.0502,546.618,248.025,256.453,68.6282,639.326,567.086,294.981,250.433,32.5081,629.694
ADNI_023_S_1126_MR_MPR-R__GradWarp__B1_Correction__N3__Scaled_2_Br_20081001155848221_S23968_I118916,118916,1722.1297,1789.5694,523.865,232.427,278.19,39.7414,715.346,478.102,250.492,227.61,24.0857,741.84
ADNI_005_S_0572_MR_MPR-R__GradWarp__B1_Correction__N3__Scaled_Br_20071028192123921_S24527_I79141,79141,1481.5989,1308.2622,398.552,144.238,239.131,53.1402,473.201,474.466,270.762,230.274,25.3049,480.792
ADNI_002_S_1268_MR_MPR____N3__Scaled_Br_20080604160614224_S50532_I108422,108422,2171.7757,2230.3074,665.8,341.436,340.216,51.2154,831.64,606.049,390.212,359.727,25.6077,790.18
ADNI_016_S_0769_MR_MPR-R__GradWarp__B1_Correction__N3__Scaled_Br_20071029103746734_S38594_I79313,79313,1987.735,2251.329,645.804,359.446,305.529,39.539,901.011,617.049,357.049,240.829,15.576,757.232
ADNI_136_S_0184_MR_MPR____N3__Scaled_Br_20070215174801158_S12474_I40191,40191,1926.4806,1806.376,532.064,270.236,284.648,50.444,668.984,606.529,314.674,290.654,66.0576,648.566
